#
# There is insufficient memory for the Java Runtime Environment to continue.
# Native memory allocation (malloc) failed to allocate 1193616 bytes. Error detail: Chunk::new
# Possible reasons:
#   The system is out of physical RAM or swap space
#   This process is running with CompressedOops enabled, and the Java Heap may be blocking the growth of the native heap
# Possible solutions:
#   Reduce memory load on the system
#   Increase physical memory or swap space
#   Check if swap backing store is full
#   Decrease Java heap size (-Xmx/-Xms)
#   Decrease number of Java threads
#   Decrease Java thread stack sizes (-Xss)
#   Set larger code cache with -XX:ReservedCodeCacheSize=
#   JVM is running with Unscaled Compressed Oops mode in which the Java heap is
#     placed in the first 4GB address space. The Java Heap base address is the
#     maximum limit for the native heap growth. Please use -XX:HeapBaseMinAddress
#     to set the Java Heap base and to place the Java Heap above 4GB virtual address.
# This output file may be truncated or incomplete.
#
#  Out of Memory Error (arena.cpp:168), pid=34720, tid=16880
#
# JRE version: OpenJDK Runtime Environment (21.0.10) (build 21.0.10+-14961533-b1163.108)
# Java VM: OpenJDK 64-Bit Server VM (21.0.10+-14961533-b1163.108, mixed mode, tiered, compressed oops, compressed class ptrs, g1 gc, windows-amd64)
# No core dump will be written. Minidumps are not enabled by default on client versions of Windows
#

---------------  S U M M A R Y ------------

Command Line: --add-opens=java.base/java.lang=ALL-UNNAMED --add-opens=java.base/java.lang.invoke=ALL-UNNAMED --add-opens=java.base/java.util=ALL-UNNAMED --add-opens=java.prefs/java.util.prefs=ALL-UNNAMED --add-exports=jdk.compiler/com.sun.tools.javac.api=ALL-UNNAMED --add-exports=jdk.compiler/com.sun.tools.javac.util=ALL-UNNAMED --add-opens=java.base/java.util=ALL-UNNAMED --add-opens=java.prefs/java.util.prefs=ALL-UNNAMED --add-opens=java.base/java.nio.charset=ALL-UNNAMED --add-opens=java.base/java.net=ALL-UNNAMED --add-opens=java.base/java.util.concurrent=ALL-UNNAMED --add-opens=java.base/java.util.concurrent.atomic=ALL-UNNAMED --add-opens=java.xml/javax.xml.namespace=ALL-UNNAMED --add-opens=java.base/java.time=ALL-UNNAMED -Xmx2048m -Dfile.encoding=UTF-8 -Duser.country=US -Duser.language=en -Duser.variant -javaagent:C:\Users\loq\.gradle\wrapper\dists\gradle-9.3.1-bin\23ovyewtku6u96viwx3xl3oks\gradle-9.3.1\lib\agents\gradle-instrumentation-agent-9.3.1.jar org.gradle.launcher.daemon.bootstrap.GradleDaemon 9.3.1

Host: 12th Gen Intel(R) Core(TM) i5-12450HX, 12 cores, 15G,  Windows 11 , 64 bit Build 26100 (10.0.26100.8246)
Time: Fri Apr 24 12:39:16 2026 Egypt Daylight Time elapsed time: 33.661280 seconds (0d 0h 0m 33s)

---------------  T H R E A D  ---------------

Current thread (0x0000020a7f910de0):  JavaThread "C2 CompilerThread0" daemon [_thread_in_native, id=16880, stack(0x0000003f5b800000,0x0000003f5b900000) (1024K)]


Current CompileTask:
C2:33661 26675       4       jdk.internal.jimage.ImageLocation::getFullName (109 bytes)

Stack: [0x0000003f5b800000,0x0000003f5b900000]
Native frames: (J=compiled Java code, j=interpreted, Vv=VM code, C=native code)
V  [jvm.dll+0x6d78a9]
V  [jvm.dll+0x8665b3]
V  [jvm.dll+0x868bde]
V  [jvm.dll+0x8692c3]
V  [jvm.dll+0x280ee6]
V  [jvm.dll+0xc07cd]
V  [jvm.dll+0xc0d03]
V  [jvm.dll+0x3ba091]
V  [jvm.dll+0x385df7]
V  [jvm.dll+0x38526a]
V  [jvm.dll+0x249bd2]
V  [jvm.dll+0x2491a1]
V  [jvm.dll+0x1c76e4]
V  [jvm.dll+0x25891e]
V  [jvm.dll+0x256e66]
V  [jvm.dll+0x3f513e]
V  [jvm.dll+0x80fd28]
V  [jvm.dll+0x6d60fd]
C  [ucrtbase.dll+0x37b0]
C  [KERNEL32.DLL+0x2e8d7]
C  [ntdll.dll+0x8c3fc]


---------------  P R O C E S S  ---------------

Threads class SMR info:
_java_thread_list=0x0000020a1f61bef0, length=229, elements={
0x0000020a76c3e310, 0x0000020a7f8d2600, 0x0000020a7f8d4300, 0x0000020a7f8d4d60,
0x0000020a7f90c360, 0x0000020a7f900fe0, 0x0000020a7f901650, 0x0000020a7f9020b0,
0x0000020a7f910de0, 0x0000020a7f91c3c0, 0x0000020a130c1e30, 0x0000020a14372fe0,
0x0000020a14d55620, 0x0000020a1517f020, 0x0000020a140fb890, 0x0000020a140fbf00,
0x0000020a13c3bd50, 0x0000020a14126140, 0x0000020a14126e60, 0x0000020a141267d0,
0x0000020a14125420, 0x0000020a141274f0, 0x0000020a14127b80, 0x0000020a14124d90,
0x0000020a15dcf4a0, 0x0000020a15dccd40, 0x0000020a15dce780, 0x0000020a15dcee10,
0x0000020a15dcc020, 0x0000020a15dcfb30, 0x0000020a15dcda60, 0x0000020a15dcc6b0,
0x0000020a15dd01c0, 0x0000020a15dd0850, 0x0000020a15dcd3d0, 0x0000020a15dd1570,
0x0000020a15dd1c00, 0x0000020a15dd2290, 0x0000020a15dd2920, 0x0000020a15dd2fb0,
0x0000020a15dd3640, 0x0000020a1878ca90, 0x0000020a1878f880, 0x0000020a1878c400,
0x0000020a1878d120, 0x0000020a18790c30, 0x0000020a1878e4d0, 0x0000020a1878ff10,
0x0000020a1878d7b0, 0x0000020a1878f1f0, 0x0000020a1878de40, 0x0000020a18791950,
0x0000020a187905a0, 0x0000020a18791fe0, 0x0000020a1878eb60, 0x0000020a187912c0,
0x0000020a18792670, 0x0000020a18792d00, 0x0000020a18793390, 0x0000020a18793a20,
0x0000020a17e8f3e0, 0x0000020a17e90e20, 0x0000020a17e914b0, 0x0000020a17e921d0,
0x0000020a17e8fa70, 0x0000020a17e90100, 0x0000020a17e8ed50, 0x0000020a17e93c10,
0x0000020a17e92ef0, 0x0000020a17e93580, 0x0000020a17e942a0, 0x0000020a17e91b40,
0x0000020a17e94930, 0x0000020a17e95650, 0x0000020a17e92860, 0x0000020a17e96370,
0x0000020a15519750, 0x0000020a15519de0, 0x0000020a1551a470, 0x0000020a15518a30,
0x0000020a1551ab00, 0x0000020a155190c0, 0x0000020a1551b190, 0x0000020a1551b820,
0x0000020a155183a0, 0x0000020a1551beb0, 0x0000020a1551e610, 0x0000020a1551f330,
0x0000020a1551f9c0, 0x0000020a1551eca0, 0x0000020a1551c540, 0x0000020a1551cbd0,
0x0000020a1551d260, 0x0000020a1551d8f0, 0x0000020a1551df80, 0x0000020a1721ed20,
0x0000020a17221b10, 0x0000020a17222830, 0x0000020a1721f3b0, 0x0000020a172221a0,
0x0000020a1721fa40, 0x0000020a17222ec0, 0x0000020a17220df0, 0x0000020a17223550,
0x0000020a17221480, 0x0000020a17220760, 0x0000020a17224f90, 0x0000020a17225620,
0x0000020a19925c00, 0x0000020a19925570, 0x0000020a166f5840, 0x0000020a166f7910,
0x0000020a166f5ed0, 0x0000020a166f4b20, 0x0000020a166f7fa0, 0x0000020a166f8630,
0x0000020a166f51b0, 0x0000020a166f8cc0, 0x0000020a166fa700, 0x0000020a166f9350,
0x0000020a166fad90, 0x0000020a7fa923e0, 0x0000020a7fa8f5f0, 0x0000020a1532fd90,
0x0000020a1532cfa0, 0x0000020a1532c910, 0x0000020a1532e350, 0x0000020a1532d630,
0x0000020a1532e9e0, 0x0000020a15331140, 0x0000020a15330ab0, 0x0000020a15330420,
0x0000020a1532dcc0, 0x0000020a15333f30, 0x0000020a153317d0, 0x0000020a15331e60,
0x0000020a153324f0, 0x0000020a15334c50, 0x0000020a153352e0, 0x0000020a15336000,
0x0000020a15332b80, 0x0000020a15336690, 0x0000020a153338a0, 0x0000020a15333210,
0x0000020a15336d20, 0x0000020a153373b0, 0x0000020a15337a40, 0x0000020a17b42a20,
0x0000020a17b46530, 0x0000020a17b44460, 0x0000020a17b430b0, 0x0000020a17b46bc0,
0x0000020a17b44af0, 0x0000020a17b43740, 0x0000020a17b47250, 0x0000020a17b43dd0,
0x0000020a17b478e0, 0x0000020a17b47f70, 0x0000020a17b48600, 0x0000020a17b45180,
0x0000020a17b49320, 0x0000020a17b4b3f0, 0x0000020a17b4ba80, 0x0000020a17b4ad60,
0x0000020a17b48c90, 0x0000020a17b4a6d0, 0x0000020a17b499b0, 0x0000020a17b4ce30,
0x0000020a17b4c110, 0x0000020a17b4c7a0, 0x0000020a17b4d4c0, 0x0000020a17b4a040,
0x0000020a17b4e1e0, 0x0000020a17b45ea0, 0x0000020a17b50940, 0x0000020a17b4e870,
0x0000020a17b4fc20, 0x0000020a17b4ef00, 0x0000020a17b50fd0, 0x0000020a17b4f590,
0x0000020a17b4db50, 0x0000020a17b502b0, 0x0000020a17b51660, 0x0000020a17b51cf0,
0x0000020a166fb420, 0x0000020a7fa8c800, 0x0000020a7fa8dbb0, 0x0000020a7fa8adc0,
0x0000020a7fa8ce90, 0x0000020a7fa8d520, 0x0000020a7fa8e240, 0x0000020a7faf7b90,
0x0000020a7faf88b0, 0x0000020a7faf95d0, 0x0000020a7faf67e0, 0x0000020a7fb00560,
0x0000020a7fb00bf0, 0x0000020a7fb01fa0, 0x0000020a1f494280, 0x0000020a29912d10,
0x0000020a29912680, 0x0000020a29913a30, 0x0000020a299133a0, 0x0000020a299140c0,
0x0000020a29911960, 0x0000020a29916820, 0x0000020a29910c40, 0x0000020a29914de0,
0x0000020a29914750, 0x0000020a29915b00, 0x0000020a299188f0, 0x0000020a29917bd0,
0x0000020a2991a330, 0x0000020a2991b6e0, 0x0000020a29918260, 0x0000020a2991d7b0,
0x0000020a2991eb60, 0x0000020a2991c400, 0x0000020a2991ff10, 0x0000020a2991de40,
0x0000020a2991f1f0, 0x0000020a2991ca90, 0x0000020a2991e4d0, 0x0000020a2991d120,
0x0000020a299205a0, 0x0000020a29921fe0, 0x0000020a29922670, 0x0000020a29916190,
0x0000020a1fd85420
}

Java Threads: ( => current thread )
  0x0000020a76c3e310 JavaThread "main"                              [_thread_blocked, id=24912, stack(0x0000003f5a900000,0x0000003f5aa00000) (1024K)]
  0x0000020a7f8d2600 JavaThread "Common-Cleaner"             daemon [_thread_blocked, id=14136, stack(0x0000003f5b100000,0x0000003f5b200000) (1024K)]
  0x0000020a7f8d4300 JavaThread "Reference Handler"          daemon [_thread_blocked, id=12112, stack(0x0000003f5b200000,0x0000003f5b300000) (1024K)]
  0x0000020a7f8d4d60 JavaThread "Finalizer"                  daemon [_thread_blocked, id=21588, stack(0x0000003f5b300000,0x0000003f5b400000) (1024K)]
  0x0000020a7f90c360 JavaThread "Signal Dispatcher"          daemon [_thread_blocked, id=30424, stack(0x0000003f5b400000,0x0000003f5b500000) (1024K)]
  0x0000020a7f900fe0 JavaThread "Attach Listener"            daemon [_thread_blocked, id=26928, stack(0x0000003f5b500000,0x0000003f5b600000) (1024K)]
  0x0000020a7f901650 JavaThread "Service Thread"             daemon [_thread_blocked, id=9116, stack(0x0000003f5b600000,0x0000003f5b700000) (1024K)]
  0x0000020a7f9020b0 JavaThread "Monitor Deflation Thread"   daemon [_thread_blocked, id=39980, stack(0x0000003f5b700000,0x0000003f5b800000) (1024K)]
=>0x0000020a7f910de0 JavaThread "C2 CompilerThread0"         daemon [_thread_in_native, id=16880, stack(0x0000003f5b800000,0x0000003f5b900000) (1024K)]
  0x0000020a7f91c3c0 JavaThread "C1 CompilerThread0"         daemon [_thread_blocked, id=37420, stack(0x0000003f5b900000,0x0000003f5ba00000) (1024K)]
  0x0000020a130c1e30 JavaThread "Notification Thread"        daemon [_thread_blocked, id=24144, stack(0x0000003f5ba00000,0x0000003f5bb00000) (1024K)]
  0x0000020a14372fe0 JavaThread "Daemon health stats"               [_thread_blocked, id=40072, stack(0x0000003f5c200000,0x0000003f5c300000) (1024K)]
  0x0000020a14d55620 JavaThread "Incoming local TCP Connector on port 57433"        [_thread_in_native, id=31372, stack(0x0000003f5c300000,0x0000003f5c400000) (1024K)]
  0x0000020a1517f020 JavaThread "Daemon periodic checks"            [_thread_blocked, id=17484, stack(0x0000003f5c400000,0x0000003f5c500000) (1024K)]
  0x0000020a140fb890 JavaThread "Daemon"                            [_thread_blocked, id=39088, stack(0x0000003f5c500000,0x0000003f5c600000) (1024K)]
  0x0000020a140fbf00 JavaThread "Handler for socket connection from /127.0.0.1:57433 to /127.0.0.1:57434"        [_thread_in_native, id=34160, stack(0x0000003f5c600000,0x0000003f5c700000) (1024K)]
  0x0000020a13c3bd50 JavaThread "Cancel handler"                    [_thread_blocked, id=33404, stack(0x0000003f5c700000,0x0000003f5c800000) (1024K)]
  0x0000020a14126140 JavaThread "Daemon worker"                     [_thread_blocked, id=38976, stack(0x0000003f5c800000,0x0000003f5c900000) (1024K)]
  0x0000020a14126e60 JavaThread "Asynchronous log dispatcher for DefaultDaemonConnection: socket connection from /127.0.0.1:57433 to /127.0.0.1:57434"        [_thread_blocked, id=33424, stack(0x0000003f5cf00000,0x0000003f5d000000) (1024K)]
  0x0000020a141267d0 JavaThread "Stdin handler"                     [_thread_blocked, id=29788, stack(0x0000003f5d000000,0x0000003f5d100000) (1024K)]
  0x0000020a14125420 JavaThread "Daemon client event forwarder"        [_thread_blocked, id=41212, stack(0x0000003f5d100000,0x0000003f5d200000) (1024K)]
  0x0000020a141274f0 JavaThread "Cache worker for journal cache (C:\Users\loq\.gradle\caches\journal-1)"        [_thread_blocked, id=40336, stack(0x0000003f5d200000,0x0000003f5d300000) (1024K)]
  0x0000020a14127b80 JavaThread "File lock request listener"        [_thread_in_native, id=6724, stack(0x0000003f5d300000,0x0000003f5d400000) (1024K)]
  0x0000020a14124d90 JavaThread "Cache worker for file hash cache (C:\Users\loq\.gradle\caches\9.3.1\fileHashes)"        [_thread_blocked, id=14012, stack(0x0000003f5d400000,0x0000003f5d500000) (1024K)]
  0x0000020a15dcf4a0 JavaThread "Cache worker for file hash cache (C:\Users\loq\OneDrive\Desktop\RickAndMorty-app\.gradle\9.3.1\fileHashes)"        [_thread_blocked, id=41320, stack(0x0000003f5d500000,0x0000003f5d600000) (1024K)]
  0x0000020a15dccd40 JavaThread "Cache worker for Build Output Cleanup Cache (C:\Users\loq\OneDrive\Desktop\RickAndMorty-app\.gradle\buildOutputCleanup)"        [_thread_blocked, id=39884, stack(0x0000003f5d600000,0x0000003f5d700000) (1024K)]
  0x0000020a15dce780 JavaThread "File watcher server"        daemon [_thread_in_native, id=7672, stack(0x0000003f5d700000,0x0000003f5d800000) (1024K)]
  0x0000020a15dcee10 JavaThread "File watcher consumer"      daemon [_thread_blocked, id=25124, stack(0x0000003f5d800000,0x0000003f5d900000) (1024K)]
  0x0000020a15dcc020 JavaThread "Cache worker for checksums cache (C:\Users\loq\OneDrive\Desktop\RickAndMorty-app\.gradle\9.3.1\checksums)"        [_thread_blocked, id=25628, stack(0x0000003f5bc00000,0x0000003f5bd00000) (1024K)]
  0x0000020a15dcfb30 JavaThread "Cache worker for file content cache (C:\Users\loq\.gradle\caches\9.3.1\fileContent)"        [_thread_blocked, id=20412, stack(0x0000003f5d900000,0x0000003f5da00000) (1024K)]
  0x0000020a15dcda60 JavaThread "Cache worker for cache directory md-supplier (C:\Users\loq\.gradle\caches\9.3.1\md-supplier)"        [_thread_blocked, id=33352, stack(0x0000003f5da00000,0x0000003f5db00000) (1024K)]
  0x0000020a15dcc6b0 JavaThread "Cache worker for cache directory md-rule (C:\Users\loq\.gradle\caches\9.3.1\md-rule)"        [_thread_blocked, id=30668, stack(0x0000003f5db00000,0x0000003f5dc00000) (1024K)]
  0x0000020a15dd01c0 JavaThread "jar transforms"                    [_thread_blocked, id=19384, stack(0x0000003f5dc00000,0x0000003f5dd00000) (1024K)]
  0x0000020a15dd0850 JavaThread "jar transforms Thread 2"           [_thread_blocked, id=36088, stack(0x0000003f5dd00000,0x0000003f5de00000) (1024K)]
  0x0000020a15dcd3d0 JavaThread "jar transforms Thread 3"           [_thread_blocked, id=14528, stack(0x0000003f5df00000,0x0000003f5e000000) (1024K)]
  0x0000020a15dd1570 JavaThread "Unconstrained build operations"        [_thread_blocked, id=35116, stack(0x0000003f5e000000,0x0000003f5e100000) (1024K)]
  0x0000020a15dd1c00 JavaThread "Unconstrained build operations Thread 2"        [_thread_blocked, id=2012, stack(0x0000003f5e100000,0x0000003f5e200000) (1024K)]
  0x0000020a15dd2290 JavaThread "Unconstrained build operations Thread 3"        [_thread_blocked, id=11840, stack(0x0000003f5e200000,0x0000003f5e300000) (1024K)]
  0x0000020a15dd2920 JavaThread "Unconstrained build operations Thread 4"        [_thread_blocked, id=31000, stack(0x0000003f5e300000,0x0000003f5e400000) (1024K)]
  0x0000020a15dd2fb0 JavaThread "Unconstrained build operations Thread 5"        [_thread_blocked, id=25572, stack(0x0000003f5e400000,0x0000003f5e500000) (1024K)]
  0x0000020a15dd3640 JavaThread "Unconstrained build operations Thread 6"        [_thread_blocked, id=5684, stack(0x0000003f5e500000,0x0000003f5e600000) (1024K)]
  0x0000020a1878ca90 JavaThread "Unconstrained build operations Thread 7"        [_thread_blocked, id=11956, stack(0x0000003f5e600000,0x0000003f5e700000) (1024K)]
  0x0000020a1878f880 JavaThread "Unconstrained build operations Thread 8"        [_thread_blocked, id=11432, stack(0x0000003f5e700000,0x0000003f5e800000) (1024K)]
  0x0000020a1878c400 JavaThread "Unconstrained build operations Thread 9"        [_thread_blocked, id=20760, stack(0x0000003f5e800000,0x0000003f5e900000) (1024K)]
  0x0000020a1878d120 JavaThread "Unconstrained build operations Thread 10"        [_thread_blocked, id=22236, stack(0x0000003f5e900000,0x0000003f5ea00000) (1024K)]
  0x0000020a18790c30 JavaThread "Unconstrained build operations Thread 11"        [_thread_blocked, id=24032, stack(0x0000003f5ea00000,0x0000003f5eb00000) (1024K)]
  0x0000020a1878e4d0 JavaThread "Unconstrained build operations Thread 12"        [_thread_blocked, id=38332, stack(0x0000003f5eb00000,0x0000003f5ec00000) (1024K)]
  0x0000020a1878ff10 JavaThread "Unconstrained build operations Thread 13"        [_thread_blocked, id=1068, stack(0x0000003f5ec00000,0x0000003f5ed00000) (1024K)]
  0x0000020a1878d7b0 JavaThread "Unconstrained build operations Thread 14"        [_thread_blocked, id=36444, stack(0x0000003f5ed00000,0x0000003f5ee00000) (1024K)]
  0x0000020a1878f1f0 JavaThread "Unconstrained build operations Thread 15"        [_thread_blocked, id=15824, stack(0x0000003f5ee00000,0x0000003f5ef00000) (1024K)]
  0x0000020a1878de40 JavaThread "Unconstrained build operations Thread 16"        [_thread_blocked, id=39952, stack(0x0000003f5ef00000,0x0000003f5f000000) (1024K)]
  0x0000020a18791950 JavaThread "Unconstrained build operations Thread 17"        [_thread_blocked, id=11292, stack(0x0000003f5f000000,0x0000003f5f100000) (1024K)]
  0x0000020a187905a0 JavaThread "Unconstrained build operations Thread 18"        [_thread_blocked, id=20676, stack(0x0000003f5f100000,0x0000003f5f200000) (1024K)]
  0x0000020a18791fe0 JavaThread "Unconstrained build operations Thread 19"        [_thread_blocked, id=35440, stack(0x0000003f5f200000,0x0000003f5f300000) (1024K)]
  0x0000020a1878eb60 JavaThread "Unconstrained build operations Thread 20"        [_thread_blocked, id=31524, stack(0x0000003f5f300000,0x0000003f5f400000) (1024K)]
  0x0000020a187912c0 JavaThread "jar transforms Thread 4"           [_thread_blocked, id=41660, stack(0x0000003f5f400000,0x0000003f5f500000) (1024K)]
  0x0000020a18792670 JavaThread "jar transforms Thread 5"           [_thread_blocked, id=35748, stack(0x0000003f5f500000,0x0000003f5f600000) (1024K)]
  0x0000020a18792d00 JavaThread "Unconstrained build operations Thread 21"        [_thread_blocked, id=41780, stack(0x0000003f5f600000,0x0000003f5f700000) (1024K)]
  0x0000020a18793390 JavaThread "Unconstrained build operations Thread 22"        [_thread_blocked, id=30544, stack(0x0000003f5f700000,0x0000003f5f800000) (1024K)]
  0x0000020a18793a20 JavaThread "Unconstrained build operations Thread 23"        [_thread_blocked, id=40848, stack(0x0000003f5f800000,0x0000003f5f900000) (1024K)]
  0x0000020a17e8f3e0 JavaThread "Unconstrained build operations Thread 24"        [_thread_blocked, id=32612, stack(0x0000003f5f900000,0x0000003f5fa00000) (1024K)]
  0x0000020a17e90e20 JavaThread "Unconstrained build operations Thread 25"        [_thread_blocked, id=3440, stack(0x0000003f5fa00000,0x0000003f5fb00000) (1024K)]
  0x0000020a17e914b0 JavaThread "Unconstrained build operations Thread 26"        [_thread_blocked, id=15812, stack(0x0000003f5fb00000,0x0000003f5fc00000) (1024K)]
  0x0000020a17e921d0 JavaThread "Unconstrained build operations Thread 27"        [_thread_blocked, id=30736, stack(0x0000003f5fc00000,0x0000003f5fd00000) (1024K)]
  0x0000020a17e8fa70 JavaThread "Unconstrained build operations Thread 28"        [_thread_blocked, id=11620, stack(0x0000003f5fd00000,0x0000003f5fe00000) (1024K)]
  0x0000020a17e90100 JavaThread "Unconstrained build operations Thread 29"        [_thread_blocked, id=6604, stack(0x0000003f5fe00000,0x0000003f5ff00000) (1024K)]
  0x0000020a17e8ed50 JavaThread "Unconstrained build operations Thread 30"        [_thread_blocked, id=19432, stack(0x0000003f5ff00000,0x0000003f60000000) (1024K)]
  0x0000020a17e93c10 JavaThread "jar transforms Thread 6"           [_thread_blocked, id=20976, stack(0x0000003f60000000,0x0000003f60100000) (1024K)]
  0x0000020a17e92ef0 JavaThread "jar transforms Thread 7"           [_thread_blocked, id=34944, stack(0x0000003f60100000,0x0000003f60200000) (1024K)]
  0x0000020a17e93580 JavaThread "jar transforms Thread 8"           [_thread_blocked, id=39688, stack(0x0000003f60200000,0x0000003f60300000) (1024K)]
  0x0000020a17e942a0 JavaThread "Unconstrained build operations Thread 31"        [_thread_blocked, id=32376, stack(0x0000003f60300000,0x0000003f60400000) (1024K)]
  0x0000020a17e91b40 JavaThread "Unconstrained build operations Thread 32"        [_thread_blocked, id=31964, stack(0x0000003f60400000,0x0000003f60500000) (1024K)]
  0x0000020a17e94930 JavaThread "Unconstrained build operations Thread 33"        [_thread_blocked, id=31272, stack(0x0000003f60500000,0x0000003f60600000) (1024K)]
  0x0000020a17e95650 JavaThread "Unconstrained build operations Thread 34"        [_thread_blocked, id=22392, stack(0x0000003f5de00000,0x0000003f5df00000) (1024K)]
  0x0000020a17e92860 JavaThread "Unconstrained build operations Thread 35"        [_thread_blocked, id=32696, stack(0x0000003f60600000,0x0000003f60700000) (1024K)]
  0x0000020a17e96370 JavaThread "Unconstrained build operations Thread 36"        [_thread_blocked, id=16264, stack(0x0000003f60700000,0x0000003f60800000) (1024K)]
  0x0000020a15519750 JavaThread "Unconstrained build operations Thread 37"        [_thread_blocked, id=39672, stack(0x0000003f60800000,0x0000003f60900000) (1024K)]
  0x0000020a15519de0 JavaThread "Unconstrained build operations Thread 38"        [_thread_blocked, id=16324, stack(0x0000003f60900000,0x0000003f60a00000) (1024K)]
  0x0000020a1551a470 JavaThread "Unconstrained build operations Thread 39"        [_thread_blocked, id=40088, stack(0x0000003f60a00000,0x0000003f60b00000) (1024K)]
  0x0000020a15518a30 JavaThread "Unconstrained build operations Thread 40"        [_thread_blocked, id=31628, stack(0x0000003f60b00000,0x0000003f60c00000) (1024K)]
  0x0000020a1551ab00 JavaThread "Unconstrained build operations Thread 41"        [_thread_blocked, id=36076, stack(0x0000003f60c00000,0x0000003f60d00000) (1024K)]
  0x0000020a155190c0 JavaThread "Unconstrained build operations Thread 42"        [_thread_blocked, id=7580, stack(0x0000003f60d00000,0x0000003f60e00000) (1024K)]
  0x0000020a1551b190 JavaThread "Unconstrained build operations Thread 43"        [_thread_blocked, id=8540, stack(0x0000003f60e00000,0x0000003f60f00000) (1024K)]
  0x0000020a1551b820 JavaThread "Unconstrained build operations Thread 44"        [_thread_blocked, id=8092, stack(0x0000003f60f00000,0x0000003f61000000) (1024K)]
  0x0000020a155183a0 JavaThread "Unconstrained build operations Thread 45"        [_thread_blocked, id=1348, stack(0x0000003f61000000,0x0000003f61100000) (1024K)]
  0x0000020a1551beb0 JavaThread "Unconstrained build operations Thread 46"        [_thread_blocked, id=33336, stack(0x0000003f61100000,0x0000003f61200000) (1024K)]
  0x0000020a1551e610 JavaThread "Unconstrained build operations Thread 47"        [_thread_blocked, id=39864, stack(0x0000003f61200000,0x0000003f61300000) (1024K)]
  0x0000020a1551f330 JavaThread "Unconstrained build operations Thread 48"        [_thread_blocked, id=38756, stack(0x0000003f61300000,0x0000003f61400000) (1024K)]
  0x0000020a1551f9c0 JavaThread "Unconstrained build operations Thread 49"        [_thread_blocked, id=40836, stack(0x0000003f61400000,0x0000003f61500000) (1024K)]
  0x0000020a1551eca0 JavaThread "Unconstrained build operations Thread 50"        [_thread_blocked, id=16788, stack(0x0000003f61500000,0x0000003f61600000) (1024K)]
  0x0000020a1551c540 JavaThread "Unconstrained build operations Thread 51"        [_thread_blocked, id=13892, stack(0x0000003f61600000,0x0000003f61700000) (1024K)]
  0x0000020a1551cbd0 JavaThread "Unconstrained build operations Thread 52"        [_thread_blocked, id=32928, stack(0x0000003f61700000,0x0000003f61800000) (1024K)]
  0x0000020a1551d260 JavaThread "Unconstrained build operations Thread 53"        [_thread_blocked, id=35824, stack(0x0000003f61800000,0x0000003f61900000) (1024K)]
  0x0000020a1551d8f0 JavaThread "Unconstrained build operations Thread 54"        [_thread_blocked, id=2180, stack(0x0000003f61900000,0x0000003f61a00000) (1024K)]
  0x0000020a1551df80 JavaThread "Unconstrained build operations Thread 55"        [_thread_blocked, id=24456, stack(0x0000003f61a00000,0x0000003f61b00000) (1024K)]
  0x0000020a1721ed20 JavaThread "Unconstrained build operations Thread 56"        [_thread_blocked, id=30760, stack(0x0000003f61b00000,0x0000003f61c00000) (1024K)]
  0x0000020a17221b10 JavaThread "Unconstrained build operations Thread 57"        [_thread_blocked, id=29104, stack(0x0000003f61c00000,0x0000003f61d00000) (1024K)]
  0x0000020a17222830 JavaThread "Unconstrained build operations Thread 58"        [_thread_blocked, id=16120, stack(0x0000003f61d00000,0x0000003f61e00000) (1024K)]
  0x0000020a1721f3b0 JavaThread "Unconstrained build operations Thread 59"        [_thread_blocked, id=22140, stack(0x0000003f61e00000,0x0000003f61f00000) (1024K)]
  0x0000020a172221a0 JavaThread "Unconstrained build operations Thread 60"        [_thread_blocked, id=3320, stack(0x0000003f61f00000,0x0000003f62000000) (1024K)]
  0x0000020a1721fa40 JavaThread "Unconstrained build operations Thread 61"        [_thread_blocked, id=22024, stack(0x0000003f62000000,0x0000003f62100000) (1024K)]
  0x0000020a17222ec0 JavaThread "Unconstrained build operations Thread 62"        [_thread_blocked, id=37860, stack(0x0000003f62100000,0x0000003f62200000) (1024K)]
  0x0000020a17220df0 JavaThread "Unconstrained build operations Thread 63"        [_thread_blocked, id=41964, stack(0x0000003f62200000,0x0000003f62300000) (1024K)]
  0x0000020a17223550 JavaThread "Unconstrained build operations Thread 64"        [_thread_blocked, id=39248, stack(0x0000003f62300000,0x0000003f62400000) (1024K)]
  0x0000020a17221480 JavaThread "Unconstrained build operations Thread 65"        [_thread_blocked, id=1836, stack(0x0000003f62400000,0x0000003f62500000) (1024K)]
  0x0000020a17220760 JavaThread "Unconstrained build operations Thread 66"        [_thread_blocked, id=32668, stack(0x0000003f62500000,0x0000003f62600000) (1024K)]
  0x0000020a17224f90 JavaThread "build event listener"              [_thread_blocked, id=37608, stack(0x0000003f62600000,0x0000003f62700000) (1024K)]
  0x0000020a17225620 JavaThread "Memory manager"                    [_thread_blocked, id=11272, stack(0x0000003f62700000,0x0000003f62800000) (1024K)]
  0x0000020a19925c00 JavaThread "build event listener"              [_thread_blocked, id=19620, stack(0x0000003f62800000,0x0000003f62900000) (1024K)]
  0x0000020a19925570 JavaThread "build event listener"              [_thread_blocked, id=27768, stack(0x0000003f62a00000,0x0000003f62b00000) (1024K)]
  0x0000020a166f5840 JavaThread "ForkJoinPool.commonPool-worker-1" daemon [_thread_blocked, id=2204, stack(0x0000003f62900000,0x0000003f62a00000) (1024K)]
  0x0000020a166f7910 JavaThread "ForkJoinPool.commonPool-worker-3" daemon [_thread_blocked, id=26856, stack(0x0000003f62c00000,0x0000003f62d00000) (1024K)]
  0x0000020a166f5ed0 JavaThread "ForkJoinPool.commonPool-worker-4" daemon [_thread_blocked, id=18800, stack(0x0000003f62d00000,0x0000003f62e00000) (1024K)]
  0x0000020a166f4b20 JavaThread "ForkJoinPool.commonPool-worker-6" daemon [_thread_blocked, id=33020, stack(0x0000003f62f00000,0x0000003f63000000) (1024K)]
  0x0000020a166f7fa0 JavaThread "ForkJoinPool.commonPool-worker-7" daemon [_thread_blocked, id=19540, stack(0x0000003f63000000,0x0000003f63100000) (1024K)]
  0x0000020a166f8630 JavaThread "ForkJoinPool.commonPool-worker-8" daemon [_thread_blocked, id=1576, stack(0x0000003f63100000,0x0000003f63200000) (1024K)]
  0x0000020a166f51b0 JavaThread "ForkJoinPool.commonPool-worker-9" daemon [_thread_blocked, id=28396, stack(0x0000003f63200000,0x0000003f63300000) (1024K)]
  0x0000020a166f8cc0 JavaThread "ForkJoinPool.commonPool-worker-10" daemon [_thread_blocked, id=40348, stack(0x0000003f63300000,0x0000003f63400000) (1024K)]
  0x0000020a166fa700 JavaThread "Exec process"               daemon [_thread_blocked, id=41180, stack(0x0000003f63400000,0x0000003f63500000) (1024K)]
  0x0000020a166f9350 JavaThread "Exec process Thread 2"      daemon [_thread_blocked, id=35296, stack(0x0000003f5bb00000,0x0000003f5bc00000) (1024K)]
  0x0000020a166fad90 JavaThread "Exec process Thread 3"      daemon [_thread_blocked, id=34844, stack(0x0000003f63500000,0x0000003f63600000) (1024K)]
  0x0000020a7fa923e0 JavaThread "pool-3-thread-1"                   [_thread_blocked, id=20264, stack(0x0000003f63800000,0x0000003f63900000) (1024K)]
  0x0000020a7fa8f5f0 JavaThread "build event listener"              [_thread_blocked, id=13112, stack(0x0000003f63900000,0x0000003f63a00000) (1024K)]
  0x0000020a1532fd90 JavaThread "included builds"                   [_thread_in_native, id=35908, stack(0x0000003f63a00000,0x0000003f63b00000) (1024K)]
  0x0000020a1532cfa0 JavaThread "Execution worker"                  [_thread_blocked, id=28536, stack(0x0000003f63b00000,0x0000003f63c00000) (1024K)]
  0x0000020a1532c910 JavaThread "Execution worker Thread 2"         [_thread_blocked, id=23392, stack(0x0000003f63c00000,0x0000003f63d00000) (1024K)]
  0x0000020a1532e350 JavaThread "Execution worker Thread 3"         [_thread_blocked, id=3168, stack(0x0000003f63d00000,0x0000003f63e00000) (1024K)]
  0x0000020a1532d630 JavaThread "Execution worker Thread 4"         [_thread_blocked, id=37872, stack(0x0000003f63e00000,0x0000003f63f00000) (1024K)]
  0x0000020a1532e9e0 JavaThread "Execution worker Thread 5"         [_thread_blocked, id=28652, stack(0x0000003f63f00000,0x0000003f64000000) (1024K)]
  0x0000020a15331140 JavaThread "Execution worker Thread 6"         [_thread_blocked, id=27508, stack(0x0000003f64000000,0x0000003f64100000) (1024K)]
  0x0000020a15330ab0 JavaThread "Execution worker Thread 7"         [_thread_blocked, id=26048, stack(0x0000003f64100000,0x0000003f64200000) (1024K)]
  0x0000020a15330420 JavaThread "Execution worker Thread 8"         [_thread_blocked, id=22616, stack(0x0000003f64200000,0x0000003f64300000) (1024K)]
  0x0000020a1532dcc0 JavaThread "Execution worker Thread 9"         [_thread_blocked, id=25548, stack(0x0000003f64300000,0x0000003f64400000) (1024K)]
  0x0000020a15333f30 JavaThread "Execution worker Thread 10"        [_thread_blocked, id=31092, stack(0x0000003f64400000,0x0000003f64500000) (1024K)]
  0x0000020a153317d0 JavaThread "Execution worker Thread 11"        [_thread_blocked, id=12936, stack(0x0000003f64500000,0x0000003f64600000) (1024K)]
  0x0000020a15331e60 JavaThread "Cache worker for execution history cache (C:\Users\loq\OneDrive\Desktop\RickAndMorty-app\.gradle\9.3.1\executionHistory)"        [_thread_blocked, id=6672, stack(0x0000003f64600000,0x0000003f64700000) (1024K)]
  0x0000020a153324f0 JavaThread "Unconstrained build operations Thread 67"        [_thread_blocked, id=17196, stack(0x0000003f64700000,0x0000003f64800000) (1024K)]
  0x0000020a15334c50 JavaThread "Unconstrained build operations Thread 68"        [_thread_blocked, id=36512, stack(0x0000003f64800000,0x0000003f64900000) (1024K)]
  0x0000020a153352e0 JavaThread "Unconstrained build operations Thread 69"        [_thread_blocked, id=34156, stack(0x0000003f64900000,0x0000003f64a00000) (1024K)]
  0x0000020a15336000 JavaThread "Unconstrained build operations Thread 70"        [_thread_blocked, id=15268, stack(0x0000003f64a00000,0x0000003f64b00000) (1024K)]
  0x0000020a15332b80 JavaThread "Unconstrained build operations Thread 71"        [_thread_blocked, id=41808, stack(0x0000003f64b00000,0x0000003f64c00000) (1024K)]
  0x0000020a15336690 JavaThread "Unconstrained build operations Thread 72"        [_thread_blocked, id=1536, stack(0x0000003f64c00000,0x0000003f64d00000) (1024K)]
  0x0000020a153338a0 JavaThread "Unconstrained build operations Thread 73"        [_thread_blocked, id=23584, stack(0x0000003f64d00000,0x0000003f64e00000) (1024K)]
  0x0000020a15333210 JavaThread "Unconstrained build operations Thread 74"        [_thread_blocked, id=3512, stack(0x0000003f64e00000,0x0000003f64f00000) (1024K)]
  0x0000020a15336d20 JavaThread "Unconstrained build operations Thread 75"        [_thread_blocked, id=7908, stack(0x0000003f64f00000,0x0000003f65000000) (1024K)]
  0x0000020a153373b0 JavaThread "Unconstrained build operations Thread 76"        [_thread_blocked, id=36032, stack(0x0000003f65000000,0x0000003f65100000) (1024K)]
  0x0000020a15337a40 JavaThread "Unconstrained build operations Thread 77"        [_thread_blocked, id=24020, stack(0x0000003f65100000,0x0000003f65200000) (1024K)]
  0x0000020a17b42a20 JavaThread "Unconstrained build operations Thread 78"        [_thread_blocked, id=38964, stack(0x0000003f65200000,0x0000003f65300000) (1024K)]
  0x0000020a17b46530 JavaThread "Unconstrained build operations Thread 79"        [_thread_blocked, id=2840, stack(0x0000003f65300000,0x0000003f65400000) (1024K)]
  0x0000020a17b44460 JavaThread "Unconstrained build operations Thread 80"        [_thread_blocked, id=20576, stack(0x0000003f65400000,0x0000003f65500000) (1024K)]
  0x0000020a17b430b0 JavaThread "Unconstrained build operations Thread 81"        [_thread_blocked, id=37636, stack(0x0000003f65500000,0x0000003f65600000) (1024K)]
  0x0000020a17b46bc0 JavaThread "Unconstrained build operations Thread 82"        [_thread_blocked, id=10540, stack(0x0000003f65600000,0x0000003f65700000) (1024K)]
  0x0000020a17b44af0 JavaThread "Unconstrained build operations Thread 83"        [_thread_blocked, id=12268, stack(0x0000003f65700000,0x0000003f65800000) (1024K)]
  0x0000020a17b43740 JavaThread "Unconstrained build operations Thread 84"        [_thread_blocked, id=20796, stack(0x0000003f65800000,0x0000003f65900000) (1024K)]
  0x0000020a17b47250 JavaThread "Unconstrained build operations Thread 85"        [_thread_blocked, id=39316, stack(0x0000003f65900000,0x0000003f65a00000) (1024K)]
  0x0000020a17b43dd0 JavaThread "Unconstrained build operations Thread 86"        [_thread_blocked, id=39788, stack(0x0000003f65a00000,0x0000003f65b00000) (1024K)]
  0x0000020a17b478e0 JavaThread "Unconstrained build operations Thread 87"        [_thread_blocked, id=3096, stack(0x0000003f65b00000,0x0000003f65c00000) (1024K)]
  0x0000020a17b47f70 JavaThread "Unconstrained build operations Thread 88"        [_thread_blocked, id=22912, stack(0x0000003f65c00000,0x0000003f65d00000) (1024K)]
  0x0000020a17b48600 JavaThread "Unconstrained build operations Thread 89"        [_thread_blocked, id=25792, stack(0x0000003f65d00000,0x0000003f65e00000) (1024K)]
  0x0000020a17b45180 JavaThread "Unconstrained build operations Thread 90"        [_thread_blocked, id=18824, stack(0x0000003f65e00000,0x0000003f65f00000) (1024K)]
  0x0000020a17b49320 JavaThread "Unconstrained build operations Thread 91"        [_thread_blocked, id=8936, stack(0x0000003f65f00000,0x0000003f66000000) (1024K)]
  0x0000020a17b4b3f0 JavaThread "Unconstrained build operations Thread 92"        [_thread_blocked, id=36580, stack(0x0000003f66000000,0x0000003f66100000) (1024K)]
  0x0000020a17b4ba80 JavaThread "Unconstrained build operations Thread 93"        [_thread_blocked, id=32508, stack(0x0000003f66100000,0x0000003f66200000) (1024K)]
  0x0000020a17b4ad60 JavaThread "Unconstrained build operations Thread 94"        [_thread_blocked, id=23376, stack(0x0000003f66200000,0x0000003f66300000) (1024K)]
  0x0000020a17b48c90 JavaThread "Unconstrained build operations Thread 95"        [_thread_blocked, id=18512, stack(0x0000003f66300000,0x0000003f66400000) (1024K)]
  0x0000020a17b4a6d0 JavaThread "Unconstrained build operations Thread 96"        [_thread_blocked, id=22360, stack(0x0000003f66400000,0x0000003f66500000) (1024K)]
  0x0000020a17b499b0 JavaThread "Unconstrained build operations Thread 97"        [_thread_blocked, id=41224, stack(0x0000003f66500000,0x0000003f66600000) (1024K)]
  0x0000020a17b4ce30 JavaThread "Unconstrained build operations Thread 98"        [_thread_blocked, id=26724, stack(0x0000003f66600000,0x0000003f66700000) (1024K)]
  0x0000020a17b4c110 JavaThread "Unconstrained build operations Thread 99"        [_thread_blocked, id=1852, stack(0x0000003f66700000,0x0000003f66800000) (1024K)]
  0x0000020a17b4c7a0 JavaThread "Unconstrained build operations Thread 100"        [_thread_blocked, id=27684, stack(0x0000003f66800000,0x0000003f66900000) (1024K)]
  0x0000020a17b4d4c0 JavaThread "Unconstrained build operations Thread 101"        [_thread_blocked, id=41176, stack(0x0000003f66900000,0x0000003f66a00000) (1024K)]
  0x0000020a17b4a040 JavaThread "Unconstrained build operations Thread 102"        [_thread_blocked, id=4376, stack(0x0000003f66a00000,0x0000003f66b00000) (1024K)]
  0x0000020a17b4e1e0 JavaThread "Unconstrained build operations Thread 103"        [_thread_blocked, id=23052, stack(0x0000003f66b00000,0x0000003f66c00000) (1024K)]
  0x0000020a17b45ea0 JavaThread "Unconstrained build operations Thread 104"        [_thread_blocked, id=38300, stack(0x0000003f66c00000,0x0000003f66d00000) (1024K)]
  0x0000020a17b50940 JavaThread "Unconstrained build operations Thread 105"        [_thread_blocked, id=39192, stack(0x0000003f66d00000,0x0000003f66e00000) (1024K)]
  0x0000020a17b4e870 JavaThread "Unconstrained build operations Thread 106"        [_thread_blocked, id=36932, stack(0x0000003f66e00000,0x0000003f66f00000) (1024K)]
  0x0000020a17b4fc20 JavaThread "Unconstrained build operations Thread 107"        [_thread_blocked, id=7360, stack(0x0000003f66f00000,0x0000003f67000000) (1024K)]
  0x0000020a17b4ef00 JavaThread "Unconstrained build operations Thread 108"        [_thread_blocked, id=37280, stack(0x0000003f67000000,0x0000003f67100000) (1024K)]
  0x0000020a17b50fd0 JavaThread "Unconstrained build operations Thread 109"        [_thread_blocked, id=17100, stack(0x0000003f67100000,0x0000003f67200000) (1024K)]
  0x0000020a17b4f590 JavaThread "Unconstrained build operations Thread 110"        [_thread_blocked, id=29724, stack(0x0000003f67200000,0x0000003f67300000) (1024K)]
  0x0000020a17b4db50 JavaThread "Unconstrained build operations Thread 111"        [_thread_blocked, id=16128, stack(0x0000003f67300000,0x0000003f67400000) (1024K)]
  0x0000020a17b502b0 JavaThread "Unconstrained build operations Thread 112"        [_thread_blocked, id=31068, stack(0x0000003f67400000,0x0000003f67500000) (1024K)]
  0x0000020a17b51660 JavaThread "Unconstrained build operations Thread 113"        [_thread_blocked, id=32032, stack(0x0000003f67500000,0x0000003f67600000) (1024K)]
  0x0000020a17b51cf0 JavaThread "Unconstrained build operations Thread 114"        [_thread_blocked, id=12104, stack(0x0000003f67600000,0x0000003f67700000) (1024K)]
  0x0000020a166fb420 JavaThread "WorkerExecutor Queue"              [_thread_blocked, id=19784, stack(0x0000003f67700000,0x0000003f67800000) (1024K)]
  0x0000020a7fa8c800 JavaThread "Unconstrained build operations Thread 115"        [_thread_blocked, id=24664, stack(0x0000003f67800000,0x0000003f67900000) (1024K)]
  0x0000020a7fa8dbb0 JavaThread "Unconstrained build operations Thread 116"        [_thread_blocked, id=10208, stack(0x0000003f67900000,0x0000003f67a00000) (1024K)]
  0x0000020a7fa8adc0 JavaThread "Unconstrained build operations Thread 117"        [_thread_blocked, id=35456, stack(0x0000003f67a00000,0x0000003f67b00000) (1024K)]
  0x0000020a7fa8ce90 JavaThread "Unconstrained build operations Thread 118"        [_thread_blocked, id=15348, stack(0x0000003f67b00000,0x0000003f67c00000) (1024K)]
  0x0000020a7fa8d520 JavaThread "Unconstrained build operations Thread 119"        [_thread_blocked, id=33996, stack(0x0000003f67c00000,0x0000003f67d00000) (1024K)]
  0x0000020a7fa8e240 JavaThread "Unconstrained build operations Thread 120"        [_thread_blocked, id=25760, stack(0x0000003f67d00000,0x0000003f67e00000) (1024K)]
  0x0000020a7faf7b90 JavaThread "DefaultDispatcher-worker-1" daemon [_thread_blocked, id=26676, stack(0x0000003f67e00000,0x0000003f67f00000) (1024K)]
  0x0000020a7faf88b0 JavaThread "DefaultDispatcher-worker-2" daemon [_thread_blocked, id=38916, stack(0x0000003f67f00000,0x0000003f68000000) (1024K)]
  0x0000020a7faf95d0 JavaThread "DefaultDispatcher-worker-3" daemon [_thread_blocked, id=31032, stack(0x0000003f68000000,0x0000003f68100000) (1024K)]
  0x0000020a7faf67e0 JavaThread "DefaultDispatcher-worker-4" daemon [_thread_blocked, id=15484, stack(0x0000003f68100000,0x0000003f68200000) (1024K)]
  0x0000020a7fb00560 JavaThread "Periodic tasks thread"      daemon [_thread_blocked, id=29012, stack(0x0000003f63700000,0x0000003f63800000) (1024K)]
  0x0000020a7fb00bf0 JavaThread "ApplicationImpl pooled thread 1"        [_thread_blocked, id=34260, stack(0x0000003f68200000,0x0000003f68300000) (1024K)]
  0x0000020a7fb01fa0 JavaThread "Java2D Disposer"            daemon [_thread_blocked, id=37868, stack(0x0000003f68300000,0x0000003f68400000) (1024K)]
  0x0000020a1f494280 JavaThread "AWT-Windows"                daemon [_thread_in_native, id=23040, stack(0x0000003f68500000,0x0000003f68600000) (1024K)]
  0x0000020a29912d10 JavaThread "WorkerExecutor Queue Thread 2"        [_thread_blocked, id=12048, stack(0x0000003f68400000,0x0000003f68500000) (1024K)]
  0x0000020a29912680 JavaThread "RMI Scheduler(0)"           daemon [_thread_blocked, id=36292, stack(0x0000003f68600000,0x0000003f68700000) (1024K)]
  0x0000020a29913a30 JavaThread "RMI GC Daemon"              daemon [_thread_blocked, id=12172, stack(0x0000003f68800000,0x0000003f68900000) (1024K)]
  0x0000020a299133a0 JavaThread "RMI TCP Accept-0"           daemon [_thread_in_native, id=40664, stack(0x0000003f68900000,0x0000003f68a00000) (1024K)]
  0x0000020a299140c0 JavaThread "RMI Reaper"                        [_thread_blocked, id=34044, stack(0x0000003f68a00000,0x0000003f68b00000) (1024K)]
  0x0000020a29911960 JavaThread "RMI TCP Connection(1)-127.0.0.1" daemon [_thread_in_native, id=7248, stack(0x0000003f68b00000,0x0000003f68c00000) (1024K)]
  0x0000020a29916820 JavaThread "Cache worker for Java compile cache (C:\Users\loq\.gradle\caches\9.3.1\javaCompile)"        [_thread_blocked, id=37428, stack(0x0000003f63600000,0x0000003f63700000) (1024K)]
  0x0000020a29910c40 JavaThread "Incoming local TCP Connector on port 52880"        [_thread_blocked, id=26992, stack(0x0000003f68c00000,0x0000003f68d00000) (1024K)]
  0x0000020a29914de0 JavaThread "Exec process"                      [_thread_in_native, id=18408, stack(0x0000003f68d00000,0x0000003f68e00000) (1024K)]
  0x0000020a29914750 JavaThread "Exec process Thread 2"             [_thread_blocked, id=40244, stack(0x0000003f68f00000,0x0000003f69000000) (1024K)]
  0x0000020a29915b00 JavaThread "Exec process Thread 3"             [_thread_blocked, id=36216, stack(0x0000003f69000000,0x0000003f69100000) (1024K)]
  0x0000020a299188f0 JavaThread "Exec process Thread 4"             [_thread_blocked, id=39004, stack(0x0000003f69100000,0x0000003f69200000) (1024K)]
  0x0000020a29917bd0 JavaThread "/127.0.0.1:52880 to /127.0.0.1:52882 workers"        [_thread_blocked, id=17080, stack(0x0000003f62b00000,0x0000003f62c00000) (1024K)]
  0x0000020a2991a330 JavaThread "/127.0.0.1:52880 to /127.0.0.1:52882 workers Thread 2"        [_thread_blocked, id=936, stack(0x0000003f68e00000,0x0000003f68f00000) (1024K)]
  0x0000020a2991b6e0 JavaThread "/127.0.0.1:52880 to /127.0.0.1:52882 workers Thread 3"        [_thread_blocked, id=31252, stack(0x0000003f69200000,0x0000003f69300000) (1024K)]
  0x0000020a29918260 JavaThread "/127.0.0.1:52880 to /127.0.0.1:52882 workers Thread 4"        [_thread_blocked, id=24140, stack(0x0000003f69300000,0x0000003f69400000) (1024K)]
  0x0000020a2991d7b0 JavaThread "/127.0.0.1:52880 to /127.0.0.1:52882 workers Thread 5"        [_thread_blocked, id=20204, stack(0x0000003f69400000,0x0000003f69500000) (1024K)]
  0x0000020a2991eb60 JavaThread "Build operations"                  [_thread_blocked, id=27368, stack(0x0000003f69500000,0x0000003f69600000) (1024K)]
  0x0000020a2991c400 JavaThread "Build operations Thread 2"         [_thread_blocked, id=23096, stack(0x0000003f69600000,0x0000003f69700000) (1024K)]
  0x0000020a2991ff10 JavaThread "Build operations Thread 3"         [_thread_blocked, id=19600, stack(0x0000003f69700000,0x0000003f69800000) (1024K)]
  0x0000020a2991de40 JavaThread "Build operations Thread 4"         [_thread_blocked, id=11260, stack(0x0000003f69800000,0x0000003f69900000) (1024K)]
  0x0000020a2991f1f0 JavaThread "Build operations Thread 5"         [_thread_blocked, id=7140, stack(0x0000003f69900000,0x0000003f69a00000) (1024K)]
  0x0000020a2991ca90 JavaThread "Build operations Thread 6"         [_thread_blocked, id=15128, stack(0x0000003f69a00000,0x0000003f69b00000) (1024K)]
  0x0000020a2991e4d0 JavaThread "Build operations Thread 7"         [_thread_blocked, id=32732, stack(0x0000003f69b00000,0x0000003f69c00000) (1024K)]
  0x0000020a2991d120 JavaThread "Build operations Thread 8"         [_thread_blocked, id=11672, stack(0x0000003f69c00000,0x0000003f69d00000) (1024K)]
  0x0000020a299205a0 JavaThread "Build operations Thread 9"         [_thread_blocked, id=35752, stack(0x0000003f69d00000,0x0000003f69e00000) (1024K)]
  0x0000020a29921fe0 JavaThread "Build operations Thread 10"        [_thread_blocked, id=38632, stack(0x0000003f69e00000,0x0000003f69f00000) (1024K)]
  0x0000020a29922670 JavaThread "Build operations Thread 11"        [_thread_blocked, id=30216, stack(0x0000003f69f00000,0x0000003f6a000000) (1024K)]
  0x0000020a29916190 JavaThread "Build operations Thread 12"        [_thread_blocked, id=3640, stack(0x0000003f68700000,0x0000003f68800000) (1024K)]
  0x0000020a1fd85420 JavaThread "C2 CompilerThread1"         daemon [_thread_in_native, id=22740, stack(0x0000003f62e00000,0x0000003f62f00000) (1024K)]
Total: 229

Other Threads:
  0x0000020a7f87e360 VMThread "VM Thread"                           [id=19116, stack(0x0000003f5b000000,0x0000003f5b100000) (1024K)]
  0x0000020a7f8419e0 WatcherThread "VM Periodic Task Thread"        [id=27900, stack(0x0000003f5af00000,0x0000003f5b000000) (1024K)]
  0x0000020a76c97d70 WorkerThread "GC Thread#0"                     [id=31412, stack(0x0000003f5aa00000,0x0000003f5ab00000) (1024K)]
  0x0000020a135051d0 WorkerThread "GC Thread#1"                     [id=31872, stack(0x0000003f5bd00000,0x0000003f5be00000) (1024K)]
  0x0000020a13505580 WorkerThread "GC Thread#2"                     [id=19832, stack(0x0000003f5be00000,0x0000003f5bf00000) (1024K)]
  0x0000020a13685a90 WorkerThread "GC Thread#3"                     [id=41928, stack(0x0000003f5bf00000,0x0000003f5c000000) (1024K)]
  0x0000020a13686250 WorkerThread "GC Thread#4"                     [id=2796, stack(0x0000003f5c000000,0x0000003f5c100000) (1024K)]
  0x0000020a134d92f0 WorkerThread "GC Thread#5"                     [id=22232, stack(0x0000003f5c100000,0x0000003f5c200000) (1024K)]
  0x0000020a1524bed0 WorkerThread "GC Thread#6"                     [id=41592, stack(0x0000003f5c900000,0x0000003f5ca00000) (1024K)]
  0x0000020a15ac01f0 WorkerThread "GC Thread#7"                     [id=13816, stack(0x0000003f5ca00000,0x0000003f5cb00000) (1024K)]
  0x0000020a14129980 WorkerThread "GC Thread#8"                     [id=33408, stack(0x0000003f5cb00000,0x0000003f5cc00000) (1024K)]
  0x0000020a14128710 WorkerThread "GC Thread#9"                     [id=4384, stack(0x0000003f5cc00000,0x0000003f5cd00000) (1024K)]
  0x0000020a76ca8c70 ConcurrentGCThread "G1 Main Marker"            [id=24452, stack(0x0000003f5ab00000,0x0000003f5ac00000) (1024K)]
  0x0000020a76caa4d0 WorkerThread "G1 Conc#0"                       [id=39280, stack(0x0000003f5ac00000,0x0000003f5ad00000) (1024K)]
  0x0000020a14128ac0 WorkerThread "G1 Conc#1"                       [id=10520, stack(0x0000003f5cd00000,0x0000003f5ce00000) (1024K)]
  0x0000020a14128e70 WorkerThread "G1 Conc#2"                       [id=40216, stack(0x0000003f5ce00000,0x0000003f5cf00000) (1024K)]
  0x0000020a7f69f710 ConcurrentGCThread "G1 Refine#0"               [id=16560, stack(0x0000003f5ad00000,0x0000003f5ae00000) (1024K)]
  0x0000020a7f6a00a0 ConcurrentGCThread "G1 Service"                [id=5704, stack(0x0000003f5ae00000,0x0000003f5af00000) (1024K)]
Total: 18

Threads with active compile tasks:
C2 CompilerThread0  33684 26675       4       jdk.internal.jimage.ImageLocation::getFullName (109 bytes)
C2 CompilerThread1  33684 26741       4       com.sun.tools.javac.code.ClassFinder$1::hasNext (113 bytes)
Total: 2

VM state: not at safepoint (normal execution)

VM Mutex/Monitor currently owned by a thread: None

Heap address: 0x0000000080000000, size: 2048 MB, Compressed Oops mode: 32-bit

CDS archive(s) not mapped
Compressed class space mapped at: 0x0000000100000000-0x0000000140000000, reserved size: 1073741824
Narrow klass base: 0x0000000000000000, Narrow klass shift: 3, Narrow klass range: 0x140000000

GC Precious Log:
 CardTable entry size: 512
 Card Set container configuration: InlinePtr #cards 5 size 8 Array Of Cards #cards 12 size 40 Howl #buckets 4 coarsen threshold 1843 Howl Bitmap #cards 512 size 80 coarsen threshold 460 Card regions per heap region 1 cards per card region 2048
 CPUs: 12 total, 12 available
 Memory: 16091M
 Large Page Support: Disabled
 NUMA Support: Disabled
 Compressed Oops: Enabled (32-bit)
 Heap Region Size: 1M
 Heap Min Capacity: 8M
 Heap Initial Capacity: 252M
 Heap Max Capacity: 2G
 Pre-touch: Disabled
 Parallel Workers: 10
 Concurrent Workers: 3
 Concurrent Refinement Workers: 10
 Periodic GC: Disabled

Heap:
 garbage-first heap   total 655360K, used 437266K [0x0000000080000000, 0x0000000100000000)
  region size 1024K, 222 young (227328K), 31 survivors (31744K)
 Metaspace       used 214174K, committed 216832K, reserved 1245184K
  class space    used 28146K, committed 29440K, reserved 1048576K

Heap Regions: E=young(eden), S=young(survivor), O=old, HS=humongous(starts), HC=humongous(continues), CS=collection set, F=free, TAMS=top-at-mark-start, PB=parsable bottom
|   0|0x0000000080000000, 0x0000000080100000, 0x0000000080100000|100%|HS|  |TAMS 0x0000000080000000| PB 0x0000000080000000| Complete 
|   1|0x0000000080100000, 0x0000000080200000, 0x0000000080200000|100%|HC|  |TAMS 0x0000000080100000| PB 0x0000000080100000| Complete 
|   2|0x0000000080200000, 0x0000000080300000, 0x0000000080300000|100%|HC|  |TAMS 0x0000000080200000| PB 0x0000000080200000| Complete 
|   3|0x0000000080300000, 0x0000000080400000, 0x0000000080400000|100%|HC|  |TAMS 0x0000000080300000| PB 0x0000000080300000| Complete 
|   4|0x0000000080400000, 0x0000000080500000, 0x0000000080500000|100%| O|  |TAMS 0x0000000080400000| PB 0x0000000080400000| Untracked 
|   5|0x0000000080500000, 0x0000000080600000, 0x0000000080600000|100%| O|  |TAMS 0x0000000080500000| PB 0x0000000080500000| Untracked 
|   6|0x0000000080600000, 0x0000000080700000, 0x0000000080700000|100%| O|  |TAMS 0x0000000080600000| PB 0x0000000080600000| Untracked 
|   7|0x0000000080700000, 0x0000000080800000, 0x0000000080800000|100%|HS|  |TAMS 0x0000000080700000| PB 0x0000000080700000| Complete 
|   8|0x0000000080800000, 0x0000000080900000, 0x0000000080900000|100%| O|  |TAMS 0x0000000080800000| PB 0x0000000080800000| Untracked 
|   9|0x0000000080900000, 0x0000000080a00000, 0x0000000080a00000|100%| O|  |TAMS 0x0000000080900000| PB 0x0000000080900000| Untracked 
|  10|0x0000000080a00000, 0x0000000080b00000, 0x0000000080b00000|100%| O|  |TAMS 0x0000000080a00000| PB 0x0000000080a00000| Untracked 
|  11|0x0000000080b00000, 0x0000000080c00000, 0x0000000080c00000|100%| O|  |TAMS 0x0000000080b00000| PB 0x0000000080b00000| Untracked 
|  12|0x0000000080c00000, 0x0000000080d00000, 0x0000000080d00000|100%| O|  |TAMS 0x0000000080c00000| PB 0x0000000080c00000| Untracked 
|  13|0x0000000080d00000, 0x0000000080e00000, 0x0000000080e00000|100%| O|  |TAMS 0x0000000080d00000| PB 0x0000000080d00000| Untracked 
|  14|0x0000000080e00000, 0x0000000080f00000, 0x0000000080f00000|100%| O|  |TAMS 0x0000000080e00000| PB 0x0000000080e00000| Untracked 
|  15|0x0000000080f00000, 0x0000000081000000, 0x0000000081000000|100%| O|  |TAMS 0x0000000080f00000| PB 0x0000000080f00000| Untracked 
|  16|0x0000000081000000, 0x0000000081100000, 0x0000000081100000|100%| O|  |TAMS 0x0000000081000000| PB 0x0000000081000000| Untracked 
|  17|0x0000000081100000, 0x0000000081200000, 0x0000000081200000|100%|HS|  |TAMS 0x0000000081100000| PB 0x0000000081100000| Complete 
|  18|0x0000000081200000, 0x0000000081300000, 0x0000000081300000|100%| O|  |TAMS 0x0000000081200000| PB 0x0000000081200000| Untracked 
|  19|0x0000000081300000, 0x0000000081400000, 0x0000000081400000|100%| O|  |TAMS 0x0000000081300000| PB 0x0000000081300000| Untracked 
|  20|0x0000000081400000, 0x0000000081500000, 0x0000000081500000|100%| O|  |TAMS 0x0000000081400000| PB 0x0000000081400000| Untracked 
|  21|0x0000000081500000, 0x0000000081600000, 0x0000000081600000|100%| O|  |TAMS 0x0000000081500000| PB 0x0000000081500000| Untracked 
|  22|0x0000000081600000, 0x0000000081700000, 0x0000000081700000|100%| O|  |TAMS 0x0000000081600000| PB 0x0000000081600000| Untracked 
|  23|0x0000000081700000, 0x0000000081800000, 0x0000000081800000|100%| O|  |TAMS 0x0000000081700000| PB 0x0000000081700000| Untracked 
|  24|0x0000000081800000, 0x0000000081900000, 0x0000000081900000|100%| O|  |TAMS 0x0000000081800000| PB 0x0000000081800000| Untracked 
|  25|0x0000000081900000, 0x0000000081a00000, 0x0000000081a00000|100%| O|  |TAMS 0x0000000081900000| PB 0x0000000081900000| Untracked 
|  26|0x0000000081a00000, 0x0000000081b00000, 0x0000000081b00000|100%| O|  |TAMS 0x0000000081a00000| PB 0x0000000081a00000| Untracked 
|  27|0x0000000081b00000, 0x0000000081c00000, 0x0000000081c00000|100%| O|  |TAMS 0x0000000081b00000| PB 0x0000000081b00000| Untracked 
|  28|0x0000000081c00000, 0x0000000081d00000, 0x0000000081d00000|100%|HS|  |TAMS 0x0000000081c00000| PB 0x0000000081c00000| Complete 
|  29|0x0000000081d00000, 0x0000000081e00000, 0x0000000081e00000|100%|HC|  |TAMS 0x0000000081d00000| PB 0x0000000081d00000| Complete 
|  30|0x0000000081e00000, 0x0000000081f00000, 0x0000000081f00000|100%| O|  |TAMS 0x0000000081e00000| PB 0x0000000081e00000| Untracked 
|  31|0x0000000081f00000, 0x0000000082000000, 0x0000000082000000|100%| O|  |TAMS 0x0000000081f00000| PB 0x0000000081f00000| Untracked 
|  32|0x0000000082000000, 0x0000000082100000, 0x0000000082100000|100%| O|  |TAMS 0x0000000082000000| PB 0x0000000082000000| Untracked 
|  33|0x0000000082100000, 0x0000000082200000, 0x0000000082200000|100%| O|  |TAMS 0x0000000082100000| PB 0x0000000082100000| Untracked 
|  34|0x0000000082200000, 0x0000000082300000, 0x0000000082300000|100%| O|  |TAMS 0x0000000082200000| PB 0x0000000082200000| Untracked 
|  35|0x0000000082300000, 0x0000000082400000, 0x0000000082400000|100%| O|  |TAMS 0x0000000082300000| PB 0x0000000082300000| Untracked 
|  36|0x0000000082400000, 0x0000000082500000, 0x0000000082500000|100%| O|  |TAMS 0x0000000082400000| PB 0x0000000082400000| Untracked 
|  37|0x0000000082500000, 0x0000000082600000, 0x0000000082600000|100%| O|  |TAMS 0x0000000082500000| PB 0x0000000082500000| Untracked 
|  38|0x0000000082600000, 0x0000000082700000, 0x0000000082700000|100%| O|  |TAMS 0x0000000082600000| PB 0x0000000082600000| Untracked 
|  39|0x0000000082700000, 0x0000000082800000, 0x0000000082800000|100%|HS|  |TAMS 0x0000000082700000| PB 0x0000000082700000| Complete 
|  40|0x0000000082800000, 0x0000000082900000, 0x0000000082900000|100%| O|  |TAMS 0x0000000082800000| PB 0x0000000082800000| Untracked 
|  41|0x0000000082900000, 0x0000000082a00000, 0x0000000082a00000|100%| O|  |TAMS 0x0000000082900000| PB 0x0000000082900000| Untracked 
|  42|0x0000000082a00000, 0x0000000082b00000, 0x0000000082b00000|100%| O|  |TAMS 0x0000000082a00000| PB 0x0000000082a00000| Untracked 
|  43|0x0000000082b00000, 0x0000000082c00000, 0x0000000082c00000|100%| O|  |TAMS 0x0000000082b00000| PB 0x0000000082b00000| Untracked 
|  44|0x0000000082c00000, 0x0000000082d00000, 0x0000000082d00000|100%| O|  |TAMS 0x0000000082c00000| PB 0x0000000082c00000| Untracked 
|  45|0x0000000082d00000, 0x0000000082e00000, 0x0000000082e00000|100%| O|  |TAMS 0x0000000082d00000| PB 0x0000000082d00000| Untracked 
|  46|0x0000000082e00000, 0x0000000082f00000, 0x0000000082f00000|100%| O|  |TAMS 0x0000000082e00000| PB 0x0000000082e00000| Untracked 
|  47|0x0000000082f00000, 0x0000000083000000, 0x0000000083000000|100%| O|  |TAMS 0x0000000082f00000| PB 0x0000000082f00000| Untracked 
|  48|0x0000000083000000, 0x0000000083100000, 0x0000000083100000|100%| O|  |TAMS 0x0000000083000000| PB 0x0000000083000000| Untracked 
|  49|0x0000000083100000, 0x0000000083200000, 0x0000000083200000|100%|HS|  |TAMS 0x0000000083100000| PB 0x0000000083100000| Complete 
|  50|0x0000000083200000, 0x0000000083300000, 0x0000000083300000|100%| O|  |TAMS 0x0000000083200000| PB 0x0000000083200000| Untracked 
|  51|0x0000000083300000, 0x0000000083400000, 0x0000000083400000|100%|HS|  |TAMS 0x0000000083300000| PB 0x0000000083300000| Complete 
|  52|0x0000000083400000, 0x0000000083500000, 0x0000000083500000|100%|HS|  |TAMS 0x0000000083400000| PB 0x0000000083400000| Complete 
|  53|0x0000000083500000, 0x0000000083600000, 0x0000000083600000|100%|HC|  |TAMS 0x0000000083500000| PB 0x0000000083500000| Complete 
|  54|0x0000000083600000, 0x0000000083700000, 0x0000000083700000|100%| O|  |TAMS 0x0000000083600000| PB 0x0000000083600000| Untracked 
|  55|0x0000000083700000, 0x0000000083800000, 0x0000000083800000|100%| O|  |TAMS 0x0000000083700000| PB 0x0000000083700000| Untracked 
|  56|0x0000000083800000, 0x0000000083900000, 0x0000000083900000|100%| O|  |TAMS 0x0000000083800000| PB 0x0000000083800000| Untracked 
|  57|0x0000000083900000, 0x0000000083a00000, 0x0000000083a00000|100%| O|  |TAMS 0x0000000083900000| PB 0x0000000083900000| Untracked 
|  58|0x0000000083a00000, 0x0000000083b00000, 0x0000000083b00000|100%|HS|  |TAMS 0x0000000083a00000| PB 0x0000000083a00000| Complete 
|  59|0x0000000083b00000, 0x0000000083c00000, 0x0000000083c00000|100%|HC|  |TAMS 0x0000000083b00000| PB 0x0000000083b00000| Complete 
|  60|0x0000000083c00000, 0x0000000083d00000, 0x0000000083d00000|100%|HS|  |TAMS 0x0000000083c00000| PB 0x0000000083c00000| Complete 
|  61|0x0000000083d00000, 0x0000000083e00000, 0x0000000083e00000|100%|HS|  |TAMS 0x0000000083d00000| PB 0x0000000083d00000| Complete 
|  62|0x0000000083e00000, 0x0000000083f00000, 0x0000000083f00000|100%| O|  |TAMS 0x0000000083e00000| PB 0x0000000083e00000| Untracked 
|  63|0x0000000083f00000, 0x0000000084000000, 0x0000000084000000|100%| O|  |TAMS 0x0000000083f00000| PB 0x0000000083f00000| Untracked 
|  64|0x0000000084000000, 0x0000000084100000, 0x0000000084100000|100%| O|  |TAMS 0x0000000084000000| PB 0x0000000084000000| Untracked 
|  65|0x0000000084100000, 0x0000000084200000, 0x0000000084200000|100%| O|  |TAMS 0x0000000084100000| PB 0x0000000084100000| Untracked 
|  66|0x0000000084200000, 0x0000000084300000, 0x0000000084300000|100%| O|  |TAMS 0x0000000084200000| PB 0x0000000084200000| Untracked 
|  67|0x0000000084300000, 0x0000000084400000, 0x0000000084400000|100%| O|  |TAMS 0x0000000084300000| PB 0x0000000084300000| Untracked 
|  68|0x0000000084400000, 0x0000000084500000, 0x0000000084500000|100%| O|  |TAMS 0x0000000084400000| PB 0x0000000084400000| Untracked 
|  69|0x0000000084500000, 0x0000000084600000, 0x0000000084600000|100%| O|  |TAMS 0x0000000084500000| PB 0x0000000084500000| Untracked 
|  70|0x0000000084600000, 0x0000000084700000, 0x0000000084700000|100%|HS|  |TAMS 0x0000000084600000| PB 0x0000000084600000| Complete 
|  71|0x0000000084700000, 0x0000000084800000, 0x0000000084800000|100%| O|  |TAMS 0x0000000084700000| PB 0x0000000084700000| Untracked 
|  72|0x0000000084800000, 0x0000000084900000, 0x0000000084900000|100%| O|  |TAMS 0x0000000084800000| PB 0x0000000084800000| Untracked 
|  73|0x0000000084900000, 0x0000000084a00000, 0x0000000084a00000|100%| O|  |TAMS 0x0000000084900000| PB 0x0000000084900000| Untracked 
|  74|0x0000000084a00000, 0x0000000084b00000, 0x0000000084b00000|100%| O|  |TAMS 0x0000000084a00000| PB 0x0000000084a00000| Untracked 
|  75|0x0000000084b00000, 0x0000000084c00000, 0x0000000084c00000|100%| O|  |TAMS 0x0000000084b00000| PB 0x0000000084b00000| Untracked 
|  76|0x0000000084c00000, 0x0000000084d00000, 0x0000000084d00000|100%| O|  |TAMS 0x0000000084c00000| PB 0x0000000084c00000| Untracked 
|  77|0x0000000084d00000, 0x0000000084e00000, 0x0000000084e00000|100%| O|  |TAMS 0x0000000084d00000| PB 0x0000000084d00000| Untracked 
|  78|0x0000000084e00000, 0x0000000084f00000, 0x0000000084f00000|100%| O|  |TAMS 0x0000000084e00000| PB 0x0000000084e00000| Untracked 
|  79|0x0000000084f00000, 0x0000000085000000, 0x0000000085000000|100%| O|  |TAMS 0x0000000084f00000| PB 0x0000000084f00000| Untracked 
|  80|0x0000000085000000, 0x0000000085100000, 0x0000000085100000|100%| O|  |TAMS 0x0000000085000000| PB 0x0000000085000000| Untracked 
|  81|0x0000000085100000, 0x0000000085200000, 0x0000000085200000|100%| O|  |TAMS 0x0000000085100000| PB 0x0000000085100000| Untracked 
|  82|0x0000000085200000, 0x0000000085300000, 0x0000000085300000|100%| O|  |TAMS 0x0000000085200000| PB 0x0000000085200000| Untracked 
|  83|0x0000000085300000, 0x0000000085400000, 0x0000000085400000|100%| O|  |TAMS 0x0000000085300000| PB 0x0000000085300000| Untracked 
|  84|0x0000000085400000, 0x0000000085500000, 0x0000000085500000|100%| O|  |TAMS 0x0000000085400000| PB 0x0000000085400000| Untracked 
|  85|0x0000000085500000, 0x0000000085600000, 0x0000000085600000|100%| O|  |TAMS 0x0000000085500000| PB 0x0000000085500000| Untracked 
|  86|0x0000000085600000, 0x0000000085700000, 0x0000000085700000|100%| O|  |TAMS 0x0000000085600000| PB 0x0000000085600000| Untracked 
|  87|0x0000000085700000, 0x0000000085800000, 0x0000000085800000|100%| O|  |TAMS 0x0000000085700000| PB 0x0000000085700000| Untracked 
|  88|0x0000000085800000, 0x0000000085900000, 0x0000000085900000|100%| O|  |TAMS 0x0000000085800000| PB 0x0000000085800000| Untracked 
|  89|0x0000000085900000, 0x0000000085a00000, 0x0000000085a00000|100%| O|  |TAMS 0x0000000085900000| PB 0x0000000085900000| Untracked 
|  90|0x0000000085a00000, 0x0000000085b00000, 0x0000000085b00000|100%| O|  |TAMS 0x0000000085a00000| PB 0x0000000085a00000| Untracked 
|  91|0x0000000085b00000, 0x0000000085c00000, 0x0000000085c00000|100%| O|  |TAMS 0x0000000085b00000| PB 0x0000000085b00000| Untracked 
|  92|0x0000000085c00000, 0x0000000085d00000, 0x0000000085d00000|100%| O|  |TAMS 0x0000000085c00000| PB 0x0000000085c00000| Untracked 
|  93|0x0000000085d00000, 0x0000000085e00000, 0x0000000085e00000|100%| O|  |TAMS 0x0000000085d00000| PB 0x0000000085d00000| Untracked 
|  94|0x0000000085e00000, 0x0000000085f00000, 0x0000000085f00000|100%| O|  |TAMS 0x0000000085e00000| PB 0x0000000085e00000| Untracked 
|  95|0x0000000085f00000, 0x0000000086000000, 0x0000000086000000|100%| O|  |TAMS 0x0000000085f00000| PB 0x0000000085f00000| Untracked 
|  96|0x0000000086000000, 0x0000000086100000, 0x0000000086100000|100%| O|  |TAMS 0x0000000086000000| PB 0x0000000086000000| Untracked 
|  97|0x0000000086100000, 0x0000000086200000, 0x0000000086200000|100%| O|  |TAMS 0x0000000086100000| PB 0x0000000086100000| Untracked 
|  98|0x0000000086200000, 0x0000000086300000, 0x0000000086300000|100%| O|  |TAMS 0x0000000086200000| PB 0x0000000086200000| Untracked 
|  99|0x0000000086300000, 0x0000000086400000, 0x0000000086400000|100%| O|  |TAMS 0x0000000086300000| PB 0x0000000086300000| Untracked 
| 100|0x0000000086400000, 0x0000000086500000, 0x0000000086500000|100%| O|  |TAMS 0x0000000086400000| PB 0x0000000086400000| Untracked 
| 101|0x0000000086500000, 0x0000000086600000, 0x0000000086600000|100%| O|  |TAMS 0x0000000086500000| PB 0x0000000086500000| Untracked 
| 102|0x0000000086600000, 0x0000000086700000, 0x0000000086700000|100%| O|  |TAMS 0x0000000086600000| PB 0x0000000086600000| Untracked 
| 103|0x0000000086700000, 0x0000000086800000, 0x0000000086800000|100%| O|  |TAMS 0x0000000086700000| PB 0x0000000086700000| Untracked 
| 104|0x0000000086800000, 0x0000000086900000, 0x0000000086900000|100%| O|  |TAMS 0x0000000086800000| PB 0x0000000086800000| Untracked 
| 105|0x0000000086900000, 0x0000000086a00000, 0x0000000086a00000|100%| O|  |TAMS 0x0000000086900000| PB 0x0000000086900000| Untracked 
| 106|0x0000000086a00000, 0x0000000086b00000, 0x0000000086b00000|100%| O|  |TAMS 0x0000000086a00000| PB 0x0000000086a00000| Untracked 
| 107|0x0000000086b00000, 0x0000000086c00000, 0x0000000086c00000|100%| O|  |TAMS 0x0000000086b00000| PB 0x0000000086b00000| Untracked 
| 108|0x0000000086c00000, 0x0000000086d00000, 0x0000000086d00000|100%| O|  |TAMS 0x0000000086c00000| PB 0x0000000086c00000| Untracked 
| 109|0x0000000086d00000, 0x0000000086e00000, 0x0000000086e00000|100%| O|  |TAMS 0x0000000086d00000| PB 0x0000000086d00000| Untracked 
| 110|0x0000000086e00000, 0x0000000086f00000, 0x0000000086f00000|100%|HS|  |TAMS 0x0000000086e00000| PB 0x0000000086e00000| Complete 
| 111|0x0000000086f00000, 0x0000000087000000, 0x0000000087000000|100%|HS|  |TAMS 0x0000000086f00000| PB 0x0000000086f00000| Complete 
| 112|0x0000000087000000, 0x0000000087100000, 0x0000000087100000|100%|HC|  |TAMS 0x0000000087000000| PB 0x0000000087000000| Complete 
| 113|0x0000000087100000, 0x0000000087200000, 0x0000000087200000|100%|HC|  |TAMS 0x0000000087100000| PB 0x0000000087100000| Complete 
| 114|0x0000000087200000, 0x0000000087300000, 0x0000000087300000|100%|HC|  |TAMS 0x0000000087200000| PB 0x0000000087200000| Complete 
| 115|0x0000000087300000, 0x0000000087400000, 0x0000000087400000|100%|HC|  |TAMS 0x0000000087300000| PB 0x0000000087300000| Complete 
| 116|0x0000000087400000, 0x0000000087500000, 0x0000000087500000|100%| O|  |TAMS 0x0000000087400000| PB 0x0000000087400000| Untracked 
| 117|0x0000000087500000, 0x0000000087600000, 0x0000000087600000|100%| O|  |TAMS 0x0000000087500000| PB 0x0000000087500000| Untracked 
| 118|0x0000000087600000, 0x0000000087700000, 0x0000000087700000|100%| O|  |TAMS 0x0000000087600000| PB 0x0000000087600000| Untracked 
| 119|0x0000000087700000, 0x0000000087800000, 0x0000000087800000|100%| O|  |TAMS 0x0000000087700000| PB 0x0000000087700000| Untracked 
| 120|0x0000000087800000, 0x0000000087900000, 0x0000000087900000|100%| O|  |TAMS 0x0000000087800000| PB 0x0000000087800000| Untracked 
| 121|0x0000000087900000, 0x0000000087a00000, 0x0000000087a00000|100%| O|  |TAMS 0x0000000087900000| PB 0x0000000087900000| Untracked 
| 122|0x0000000087a00000, 0x0000000087b00000, 0x0000000087b00000|100%| O|  |TAMS 0x0000000087a00000| PB 0x0000000087a00000| Untracked 
| 123|0x0000000087b00000, 0x0000000087c00000, 0x0000000087c00000|100%| O|  |TAMS 0x0000000087b00000| PB 0x0000000087b00000| Untracked 
| 124|0x0000000087c00000, 0x0000000087d00000, 0x0000000087d00000|100%| O|  |TAMS 0x0000000087c00000| PB 0x0000000087c00000| Untracked 
| 125|0x0000000087d00000, 0x0000000087e00000, 0x0000000087e00000|100%| O|  |TAMS 0x0000000087d00000| PB 0x0000000087d00000| Untracked 
| 126|0x0000000087e00000, 0x0000000087f00000, 0x0000000087f00000|100%|HS|  |TAMS 0x0000000087e00000| PB 0x0000000087e00000| Complete 
| 127|0x0000000087f00000, 0x0000000088000000, 0x0000000088000000|100%|HC|  |TAMS 0x0000000087f00000| PB 0x0000000087f00000| Complete 
| 128|0x0000000088000000, 0x0000000088100000, 0x0000000088100000|100%| O|  |TAMS 0x0000000088000000| PB 0x0000000088000000| Untracked 
| 129|0x0000000088100000, 0x0000000088200000, 0x0000000088200000|100%|HS|  |TAMS 0x0000000088100000| PB 0x0000000088100000| Complete 
| 130|0x0000000088200000, 0x0000000088200000, 0x0000000088300000|  0%| F|  |TAMS 0x0000000088200000| PB 0x0000000088200000| Untracked 
| 131|0x0000000088300000, 0x0000000088300000, 0x0000000088400000|  0%| F|  |TAMS 0x0000000088300000| PB 0x0000000088300000| Untracked 
| 132|0x0000000088400000, 0x0000000088400000, 0x0000000088500000|  0%| F|  |TAMS 0x0000000088400000| PB 0x0000000088400000| Untracked 
| 133|0x0000000088500000, 0x0000000088600000, 0x0000000088600000|100%| O|  |TAMS 0x0000000088500000| PB 0x0000000088500000| Untracked 
| 134|0x0000000088600000, 0x0000000088700000, 0x0000000088700000|100%| O|Cm|TAMS 0x0000000088600000| PB 0x0000000088600000| Complete 
| 135|0x0000000088700000, 0x0000000088700000, 0x0000000088800000|  0%| F|  |TAMS 0x0000000088700000| PB 0x0000000088700000| Untracked 
| 136|0x0000000088800000, 0x0000000088800000, 0x0000000088900000|  0%| F|  |TAMS 0x0000000088800000| PB 0x0000000088800000| Untracked 
| 137|0x0000000088900000, 0x0000000088900000, 0x0000000088a00000|  0%| F|  |TAMS 0x0000000088900000| PB 0x0000000088900000| Untracked 
| 138|0x0000000088a00000, 0x0000000088a00000, 0x0000000088b00000|  0%| F|  |TAMS 0x0000000088a00000| PB 0x0000000088a00000| Untracked 
| 139|0x0000000088b00000, 0x0000000088b00000, 0x0000000088c00000|  0%| F|  |TAMS 0x0000000088b00000| PB 0x0000000088b00000| Untracked 
| 140|0x0000000088c00000, 0x0000000088d00000, 0x0000000088d00000|100%| O|Cm|TAMS 0x0000000088c00000| PB 0x0000000088c00000| Complete 
| 141|0x0000000088d00000, 0x0000000088e00000, 0x0000000088e00000|100%|HS|  |TAMS 0x0000000088d00000| PB 0x0000000088d00000| Complete 
| 142|0x0000000088e00000, 0x0000000088f00000, 0x0000000088f00000|100%|HC|  |TAMS 0x0000000088e00000| PB 0x0000000088e00000| Complete 
| 143|0x0000000088f00000, 0x0000000088f00000, 0x0000000089000000|  0%| F|  |TAMS 0x0000000088f00000| PB 0x0000000088f00000| Untracked 
| 144|0x0000000089000000, 0x0000000089100000, 0x0000000089100000|100%| O|  |TAMS 0x0000000089000000| PB 0x0000000089000000| Untracked 
| 145|0x0000000089100000, 0x0000000089200000, 0x0000000089200000|100%| O|Cm|TAMS 0x0000000089100000| PB 0x0000000089100000| Complete 
| 146|0x0000000089200000, 0x0000000089300000, 0x0000000089300000|100%| O|Cm|TAMS 0x0000000089200000| PB 0x0000000089200000| Complete 
| 147|0x0000000089300000, 0x0000000089300000, 0x0000000089400000|  0%| F|  |TAMS 0x0000000089300000| PB 0x0000000089300000| Untracked 
| 148|0x0000000089400000, 0x0000000089400000, 0x0000000089500000|  0%| F|  |TAMS 0x0000000089400000| PB 0x0000000089400000| Untracked 
| 149|0x0000000089500000, 0x0000000089500000, 0x0000000089600000|  0%| F|  |TAMS 0x0000000089500000| PB 0x0000000089500000| Untracked 
| 150|0x0000000089600000, 0x0000000089700000, 0x0000000089700000|100%| O|  |TAMS 0x0000000089600000| PB 0x0000000089600000| Untracked 
| 151|0x0000000089700000, 0x0000000089800000, 0x0000000089800000|100%| O|  |TAMS 0x0000000089700000| PB 0x0000000089700000| Untracked 
| 152|0x0000000089800000, 0x0000000089900000, 0x0000000089900000|100%| O|  |TAMS 0x0000000089800000| PB 0x0000000089800000| Untracked 
| 153|0x0000000089900000, 0x0000000089a00000, 0x0000000089a00000|100%| O|  |TAMS 0x0000000089900000| PB 0x0000000089900000| Untracked 
| 154|0x0000000089a00000, 0x0000000089b00000, 0x0000000089b00000|100%| O|  |TAMS 0x0000000089a00000| PB 0x0000000089a00000| Untracked 
| 155|0x0000000089b00000, 0x0000000089c00000, 0x0000000089c00000|100%| O|  |TAMS 0x0000000089b00000| PB 0x0000000089b00000| Untracked 
| 156|0x0000000089c00000, 0x0000000089d00000, 0x0000000089d00000|100%| O|  |TAMS 0x0000000089c00000| PB 0x0000000089c00000| Untracked 
| 157|0x0000000089d00000, 0x0000000089e00000, 0x0000000089e00000|100%| O|  |TAMS 0x0000000089d00000| PB 0x0000000089d00000| Untracked 
| 158|0x0000000089e00000, 0x0000000089f00000, 0x0000000089f00000|100%| O|Cm|TAMS 0x0000000089e00000| PB 0x0000000089e00000| Complete 
| 159|0x0000000089f00000, 0x000000008a000000, 0x000000008a000000|100%| O|  |TAMS 0x0000000089f00000| PB 0x0000000089f00000| Untracked 
| 160|0x000000008a000000, 0x000000008a100000, 0x000000008a100000|100%| O|  |TAMS 0x000000008a000000| PB 0x000000008a000000| Untracked 
| 161|0x000000008a100000, 0x000000008a200000, 0x000000008a200000|100%| O|  |TAMS 0x000000008a100000| PB 0x000000008a100000| Untracked 
| 162|0x000000008a200000, 0x000000008a300000, 0x000000008a300000|100%| O|  |TAMS 0x000000008a200000| PB 0x000000008a200000| Untracked 
| 163|0x000000008a300000, 0x000000008a400000, 0x000000008a400000|100%| O|  |TAMS 0x000000008a300000| PB 0x000000008a300000| Untracked 
| 164|0x000000008a400000, 0x000000008a500000, 0x000000008a500000|100%| O|  |TAMS 0x000000008a400000| PB 0x000000008a400000| Untracked 
| 165|0x000000008a500000, 0x000000008a600000, 0x000000008a600000|100%| O|  |TAMS 0x000000008a500000| PB 0x000000008a500000| Untracked 
| 166|0x000000008a600000, 0x000000008a700000, 0x000000008a700000|100%| O|Cm|TAMS 0x000000008a600000| PB 0x000000008a600000| Complete 
| 167|0x000000008a700000, 0x000000008a800000, 0x000000008a800000|100%| O|  |TAMS 0x000000008a700000| PB 0x000000008a700000| Untracked 
| 168|0x000000008a800000, 0x000000008a900000, 0x000000008a900000|100%| O|  |TAMS 0x000000008a800000| PB 0x000000008a800000| Untracked 
| 169|0x000000008a900000, 0x000000008aa00000, 0x000000008aa00000|100%| O|  |TAMS 0x000000008a900000| PB 0x000000008a900000| Untracked 
| 170|0x000000008aa00000, 0x000000008ab00000, 0x000000008ab00000|100%| O|Cm|TAMS 0x000000008aa00000| PB 0x000000008aa00000| Complete 
| 171|0x000000008ab00000, 0x000000008ac00000, 0x000000008ac00000|100%| O|  |TAMS 0x000000008ab00000| PB 0x000000008ab00000| Untracked 
| 172|0x000000008ac00000, 0x000000008ad00000, 0x000000008ad00000|100%| O|  |TAMS 0x000000008ac00000| PB 0x000000008ac00000| Untracked 
| 173|0x000000008ad00000, 0x000000008ae00000, 0x000000008ae00000|100%| O|  |TAMS 0x000000008ad00000| PB 0x000000008ad00000| Untracked 
| 174|0x000000008ae00000, 0x000000008af00000, 0x000000008af00000|100%| O|Cm|TAMS 0x000000008ae00000| PB 0x000000008ae00000| Complete 
| 175|0x000000008af00000, 0x000000008b000000, 0x000000008b000000|100%| O|  |TAMS 0x000000008af00000| PB 0x000000008af00000| Untracked 
| 176|0x000000008b000000, 0x000000008b100000, 0x000000008b100000|100%| O|  |TAMS 0x000000008b000000| PB 0x000000008b000000| Untracked 
| 177|0x000000008b100000, 0x000000008b200000, 0x000000008b200000|100%| O|Cm|TAMS 0x000000008b100000| PB 0x000000008b100000| Complete 
| 178|0x000000008b200000, 0x000000008b300000, 0x000000008b300000|100%| O|  |TAMS 0x000000008b200000| PB 0x000000008b200000| Untracked 
| 179|0x000000008b300000, 0x000000008b300000, 0x000000008b400000|  0%| F|  |TAMS 0x000000008b300000| PB 0x000000008b300000| Untracked 
| 180|0x000000008b400000, 0x000000008b500000, 0x000000008b500000|100%| O|  |TAMS 0x000000008b400000| PB 0x000000008b400000| Untracked 
| 181|0x000000008b500000, 0x000000008b600000, 0x000000008b600000|100%| O|  |TAMS 0x000000008b500000| PB 0x000000008b500000| Untracked 
| 182|0x000000008b600000, 0x000000008b700000, 0x000000008b700000|100%| O|Cm|TAMS 0x000000008b600000| PB 0x000000008b600000| Complete 
| 183|0x000000008b700000, 0x000000008b700000, 0x000000008b800000|  0%| F|  |TAMS 0x000000008b700000| PB 0x000000008b700000| Untracked 
| 184|0x000000008b800000, 0x000000008b900000, 0x000000008b900000|100%| O|  |TAMS 0x000000008b800000| PB 0x000000008b800000| Untracked 
| 185|0x000000008b900000, 0x000000008ba00000, 0x000000008ba00000|100%| O|  |TAMS 0x000000008b900000| PB 0x000000008b900000| Untracked 
| 186|0x000000008ba00000, 0x000000008bb00000, 0x000000008bb00000|100%| O|  |TAMS 0x000000008ba00000| PB 0x000000008ba00000| Untracked 
| 187|0x000000008bb00000, 0x000000008bc00000, 0x000000008bc00000|100%| O|Cm|TAMS 0x000000008bb00000| PB 0x000000008bb00000| Complete 
| 188|0x000000008bc00000, 0x000000008bd00000, 0x000000008bd00000|100%| O|Cm|TAMS 0x000000008bc00000| PB 0x000000008bc00000| Complete 
| 189|0x000000008bd00000, 0x000000008bd00000, 0x000000008be00000|  0%| F|  |TAMS 0x000000008bd00000| PB 0x000000008bd00000| Untracked 
| 190|0x000000008be00000, 0x000000008bf00000, 0x000000008bf00000|100%| O|  |TAMS 0x000000008be00000| PB 0x000000008be00000| Untracked 
| 191|0x000000008bf00000, 0x000000008c000000, 0x000000008c000000|100%| O|Cm|TAMS 0x000000008bf00000| PB 0x000000008bf00000| Complete 
| 192|0x000000008c000000, 0x000000008c100000, 0x000000008c100000|100%| O|  |TAMS 0x000000008c000000| PB 0x000000008c000000| Untracked 
| 193|0x000000008c100000, 0x000000008c100000, 0x000000008c200000|  0%| F|  |TAMS 0x000000008c100000| PB 0x000000008c100000| Untracked 
| 194|0x000000008c200000, 0x000000008c300000, 0x000000008c300000|100%| O|Cm|TAMS 0x000000008c200000| PB 0x000000008c200000| Complete 
| 195|0x000000008c300000, 0x000000008c400000, 0x000000008c400000|100%| O|Cm|TAMS 0x000000008c300000| PB 0x000000008c300000| Complete 
| 196|0x000000008c400000, 0x000000008c400000, 0x000000008c500000|  0%| F|  |TAMS 0x000000008c400000| PB 0x000000008c400000| Untracked 
| 197|0x000000008c500000, 0x000000008c500000, 0x000000008c600000|  0%| F|  |TAMS 0x000000008c500000| PB 0x000000008c500000| Untracked 
| 198|0x000000008c600000, 0x000000008c600000, 0x000000008c700000|  0%| F|  |TAMS 0x000000008c600000| PB 0x000000008c600000| Untracked 
| 199|0x000000008c700000, 0x000000008c800000, 0x000000008c800000|100%| O|Cm|TAMS 0x000000008c700000| PB 0x000000008c700000| Complete 
| 200|0x000000008c800000, 0x000000008c800000, 0x000000008c900000|  0%| F|  |TAMS 0x000000008c800000| PB 0x000000008c800000| Untracked 
| 201|0x000000008c900000, 0x000000008c900000, 0x000000008ca00000|  0%| F|  |TAMS 0x000000008c900000| PB 0x000000008c900000| Untracked 
| 202|0x000000008ca00000, 0x000000008ca00000, 0x000000008cb00000|  0%| F|  |TAMS 0x000000008ca00000| PB 0x000000008ca00000| Untracked 
| 203|0x000000008cb00000, 0x000000008cb00000, 0x000000008cc00000|  0%| F|  |TAMS 0x000000008cb00000| PB 0x000000008cb00000| Untracked 
| 204|0x000000008cc00000, 0x000000008cc00000, 0x000000008cd00000|  0%| F|  |TAMS 0x000000008cc00000| PB 0x000000008cc00000| Untracked 
| 205|0x000000008cd00000, 0x000000008cd00000, 0x000000008ce00000|  0%| F|  |TAMS 0x000000008cd00000| PB 0x000000008cd00000| Untracked 
| 206|0x000000008ce00000, 0x000000008ce00000, 0x000000008cf00000|  0%| F|  |TAMS 0x000000008ce00000| PB 0x000000008ce00000| Untracked 
| 207|0x000000008cf00000, 0x000000008cf00000, 0x000000008d000000|  0%| F|  |TAMS 0x000000008cf00000| PB 0x000000008cf00000| Untracked 
| 208|0x000000008d000000, 0x000000008d000000, 0x000000008d100000|  0%| F|  |TAMS 0x000000008d000000| PB 0x000000008d000000| Untracked 
| 209|0x000000008d100000, 0x000000008d200000, 0x000000008d200000|100%| O|  |TAMS 0x000000008d100000| PB 0x000000008d100000| Untracked 
| 210|0x000000008d200000, 0x000000008d300000, 0x000000008d300000|100%| O|  |TAMS 0x000000008d200000| PB 0x000000008d200000| Untracked 
| 211|0x000000008d300000, 0x000000008d300000, 0x000000008d400000|  0%| F|  |TAMS 0x000000008d300000| PB 0x000000008d300000| Untracked 
| 212|0x000000008d400000, 0x000000008d500000, 0x000000008d500000|100%| O|  |TAMS 0x000000008d400000| PB 0x000000008d400000| Untracked 
| 213|0x000000008d500000, 0x000000008d600000, 0x000000008d600000|100%| O|  |TAMS 0x000000008d500000| PB 0x000000008d500000| Untracked 
| 214|0x000000008d600000, 0x000000008d600000, 0x000000008d700000|  0%| F|  |TAMS 0x000000008d600000| PB 0x000000008d600000| Untracked 
| 215|0x000000008d700000, 0x000000008d800000, 0x000000008d800000|100%| O|  |TAMS 0x000000008d700000| PB 0x000000008d700000| Untracked 
| 216|0x000000008d800000, 0x000000008d900000, 0x000000008d900000|100%| O|  |TAMS 0x000000008d800000| PB 0x000000008d800000| Untracked 
| 217|0x000000008d900000, 0x000000008da00000, 0x000000008da00000|100%| O|  |TAMS 0x000000008d900000| PB 0x000000008d900000| Untracked 
| 218|0x000000008da00000, 0x000000008da00000, 0x000000008db00000|  0%| F|  |TAMS 0x000000008da00000| PB 0x000000008da00000| Untracked 
| 219|0x000000008db00000, 0x000000008dc00000, 0x000000008dc00000|100%| O|  |TAMS 0x000000008db00000| PB 0x000000008db00000| Untracked 
| 220|0x000000008dc00000, 0x000000008dc00000, 0x000000008dd00000|  0%| F|  |TAMS 0x000000008dc00000| PB 0x000000008dc00000| Untracked 
| 221|0x000000008dd00000, 0x000000008dd00000, 0x000000008de00000|  0%| F|  |TAMS 0x000000008dd00000| PB 0x000000008dd00000| Untracked 
| 222|0x000000008de00000, 0x000000008de00000, 0x000000008df00000|  0%| F|  |TAMS 0x000000008de00000| PB 0x000000008de00000| Untracked 
| 223|0x000000008df00000, 0x000000008e000000, 0x000000008e000000|100%| O|  |TAMS 0x000000008df00000| PB 0x000000008df00000| Untracked 
| 224|0x000000008e000000, 0x000000008e100000, 0x000000008e100000|100%| O|  |TAMS 0x000000008e000000| PB 0x000000008e000000| Untracked 
| 225|0x000000008e100000, 0x000000008e200000, 0x000000008e200000|100%| O|  |TAMS 0x000000008e100000| PB 0x000000008e100000| Untracked 
| 226|0x000000008e200000, 0x000000008e300000, 0x000000008e300000|100%| O|  |TAMS 0x000000008e200000| PB 0x000000008e200000| Untracked 
| 227|0x000000008e300000, 0x000000008e314b50, 0x000000008e400000|  8%| O|  |TAMS 0x000000008e300000| PB 0x000000008e300000| Untracked 
| 228|0x000000008e400000, 0x000000008e400000, 0x000000008e500000|  0%| F|  |TAMS 0x000000008e400000| PB 0x000000008e400000| Untracked 
| 229|0x000000008e500000, 0x000000008e500000, 0x000000008e600000|  0%| F|  |TAMS 0x000000008e500000| PB 0x000000008e500000| Untracked 
| 230|0x000000008e600000, 0x000000008e600000, 0x000000008e700000|  0%| F|  |TAMS 0x000000008e600000| PB 0x000000008e600000| Untracked 
| 231|0x000000008e700000, 0x000000008e700000, 0x000000008e800000|  0%| F|  |TAMS 0x000000008e700000| PB 0x000000008e700000| Untracked 
| 232|0x000000008e800000, 0x000000008e800000, 0x000000008e900000|  0%| F|  |TAMS 0x000000008e800000| PB 0x000000008e800000| Untracked 
| 233|0x000000008e900000, 0x000000008e900000, 0x000000008ea00000|  0%| F|  |TAMS 0x000000008e900000| PB 0x000000008e900000| Untracked 
| 234|0x000000008ea00000, 0x000000008ea00000, 0x000000008eb00000|  0%| F|  |TAMS 0x000000008ea00000| PB 0x000000008ea00000| Untracked 
| 235|0x000000008eb00000, 0x000000008eb00000, 0x000000008ec00000|  0%| F|  |TAMS 0x000000008eb00000| PB 0x000000008eb00000| Untracked 
| 236|0x000000008ec00000, 0x000000008ec00000, 0x000000008ed00000|  0%| F|  |TAMS 0x000000008ec00000| PB 0x000000008ec00000| Untracked 
| 237|0x000000008ed00000, 0x000000008ed00000, 0x000000008ee00000|  0%| F|  |TAMS 0x000000008ed00000| PB 0x000000008ed00000| Untracked 
| 238|0x000000008ee00000, 0x000000008ee00000, 0x000000008ef00000|  0%| F|  |TAMS 0x000000008ee00000| PB 0x000000008ee00000| Untracked 
| 239|0x000000008ef00000, 0x000000008ef00000, 0x000000008f000000|  0%| F|  |TAMS 0x000000008ef00000| PB 0x000000008ef00000| Untracked 
| 240|0x000000008f000000, 0x000000008f000000, 0x000000008f100000|  0%| F|  |TAMS 0x000000008f000000| PB 0x000000008f000000| Untracked 
| 241|0x000000008f100000, 0x000000008f100000, 0x000000008f200000|  0%| F|  |TAMS 0x000000008f100000| PB 0x000000008f100000| Untracked 
| 242|0x000000008f200000, 0x000000008f200000, 0x000000008f300000|  0%| F|  |TAMS 0x000000008f200000| PB 0x000000008f200000| Untracked 
| 243|0x000000008f300000, 0x000000008f300000, 0x000000008f400000|  0%| F|  |TAMS 0x000000008f300000| PB 0x000000008f300000| Untracked 
| 244|0x000000008f400000, 0x000000008f400000, 0x000000008f500000|  0%| F|  |TAMS 0x000000008f400000| PB 0x000000008f400000| Untracked 
| 245|0x000000008f500000, 0x000000008f500000, 0x000000008f600000|  0%| F|  |TAMS 0x000000008f500000| PB 0x000000008f500000| Untracked 
| 246|0x000000008f600000, 0x000000008f600000, 0x000000008f700000|  0%| F|  |TAMS 0x000000008f600000| PB 0x000000008f600000| Untracked 
| 247|0x000000008f700000, 0x000000008f700000, 0x000000008f800000|  0%| F|  |TAMS 0x000000008f700000| PB 0x000000008f700000| Untracked 
| 248|0x000000008f800000, 0x000000008f800000, 0x000000008f900000|  0%| F|  |TAMS 0x000000008f800000| PB 0x000000008f800000| Untracked 
| 249|0x000000008f900000, 0x000000008f900000, 0x000000008fa00000|  0%| F|  |TAMS 0x000000008f900000| PB 0x000000008f900000| Untracked 
| 250|0x000000008fa00000, 0x000000008fa00000, 0x000000008fb00000|  0%| F|  |TAMS 0x000000008fa00000| PB 0x000000008fa00000| Untracked 
| 251|0x000000008fb00000, 0x000000008fb00000, 0x000000008fc00000|  0%| F|  |TAMS 0x000000008fb00000| PB 0x000000008fb00000| Untracked 
| 252|0x000000008fc00000, 0x000000008fc00000, 0x000000008fd00000|  0%| F|  |TAMS 0x000000008fc00000| PB 0x000000008fc00000| Untracked 
| 253|0x000000008fd00000, 0x000000008fd00000, 0x000000008fe00000|  0%| F|  |TAMS 0x000000008fd00000| PB 0x000000008fd00000| Untracked 
| 254|0x000000008fe00000, 0x000000008fe00000, 0x000000008ff00000|  0%| F|  |TAMS 0x000000008fe00000| PB 0x000000008fe00000| Untracked 
| 255|0x000000008ff00000, 0x000000008ff00000, 0x0000000090000000|  0%| F|  |TAMS 0x000000008ff00000| PB 0x000000008ff00000| Untracked 
| 256|0x0000000090000000, 0x0000000090000000, 0x0000000090100000|  0%| F|  |TAMS 0x0000000090000000| PB 0x0000000090000000| Untracked 
| 257|0x0000000090100000, 0x0000000090100000, 0x0000000090200000|  0%| F|  |TAMS 0x0000000090100000| PB 0x0000000090100000| Untracked 
| 258|0x0000000090200000, 0x0000000090200000, 0x0000000090300000|  0%| F|  |TAMS 0x0000000090200000| PB 0x0000000090200000| Untracked 
| 259|0x0000000090300000, 0x0000000090300000, 0x0000000090400000|  0%| F|  |TAMS 0x0000000090300000| PB 0x0000000090300000| Untracked 
| 260|0x0000000090400000, 0x0000000090400000, 0x0000000090500000|  0%| F|  |TAMS 0x0000000090400000| PB 0x0000000090400000| Untracked 
| 261|0x0000000090500000, 0x0000000090500000, 0x0000000090600000|  0%| F|  |TAMS 0x0000000090500000| PB 0x0000000090500000| Untracked 
| 262|0x0000000090600000, 0x0000000090600000, 0x0000000090700000|  0%| F|  |TAMS 0x0000000090600000| PB 0x0000000090600000| Untracked 
| 263|0x0000000090700000, 0x0000000090700000, 0x0000000090800000|  0%| F|  |TAMS 0x0000000090700000| PB 0x0000000090700000| Untracked 
| 264|0x0000000090800000, 0x0000000090800000, 0x0000000090900000|  0%| F|  |TAMS 0x0000000090800000| PB 0x0000000090800000| Untracked 
| 265|0x0000000090900000, 0x0000000090900000, 0x0000000090a00000|  0%| F|  |TAMS 0x0000000090900000| PB 0x0000000090900000| Untracked 
| 266|0x0000000090a00000, 0x0000000090a00000, 0x0000000090b00000|  0%| F|  |TAMS 0x0000000090a00000| PB 0x0000000090a00000| Untracked 
| 267|0x0000000090b00000, 0x0000000090b00000, 0x0000000090c00000|  0%| F|  |TAMS 0x0000000090b00000| PB 0x0000000090b00000| Untracked 
| 268|0x0000000090c00000, 0x0000000090c00000, 0x0000000090d00000|  0%| F|  |TAMS 0x0000000090c00000| PB 0x0000000090c00000| Untracked 
| 269|0x0000000090d00000, 0x0000000090d00000, 0x0000000090e00000|  0%| F|  |TAMS 0x0000000090d00000| PB 0x0000000090d00000| Untracked 
| 270|0x0000000090e00000, 0x0000000090e00000, 0x0000000090f00000|  0%| F|  |TAMS 0x0000000090e00000| PB 0x0000000090e00000| Untracked 
| 271|0x0000000090f00000, 0x0000000090f00000, 0x0000000091000000|  0%| F|  |TAMS 0x0000000090f00000| PB 0x0000000090f00000| Untracked 
| 272|0x0000000091000000, 0x0000000091000000, 0x0000000091100000|  0%| F|  |TAMS 0x0000000091000000| PB 0x0000000091000000| Untracked 
| 273|0x0000000091100000, 0x0000000091100000, 0x0000000091200000|  0%| F|  |TAMS 0x0000000091100000| PB 0x0000000091100000| Untracked 
| 274|0x0000000091200000, 0x0000000091200000, 0x0000000091300000|  0%| F|  |TAMS 0x0000000091200000| PB 0x0000000091200000| Untracked 
| 275|0x0000000091300000, 0x0000000091300000, 0x0000000091400000|  0%| F|  |TAMS 0x0000000091300000| PB 0x0000000091300000| Untracked 
| 276|0x0000000091400000, 0x0000000091400000, 0x0000000091500000|  0%| F|  |TAMS 0x0000000091400000| PB 0x0000000091400000| Untracked 
| 277|0x0000000091500000, 0x0000000091500000, 0x0000000091600000|  0%| F|  |TAMS 0x0000000091500000| PB 0x0000000091500000| Untracked 
| 278|0x0000000091600000, 0x0000000091600000, 0x0000000091700000|  0%| F|  |TAMS 0x0000000091600000| PB 0x0000000091600000| Untracked 
| 279|0x0000000091700000, 0x0000000091700000, 0x0000000091800000|  0%| F|  |TAMS 0x0000000091700000| PB 0x0000000091700000| Untracked 
| 280|0x0000000091800000, 0x0000000091800000, 0x0000000091900000|  0%| F|  |TAMS 0x0000000091800000| PB 0x0000000091800000| Untracked 
| 281|0x0000000091900000, 0x0000000091900000, 0x0000000091a00000|  0%| F|  |TAMS 0x0000000091900000| PB 0x0000000091900000| Untracked 
| 282|0x0000000091a00000, 0x0000000091a00000, 0x0000000091b00000|  0%| F|  |TAMS 0x0000000091a00000| PB 0x0000000091a00000| Untracked 
| 283|0x0000000091b00000, 0x0000000091b00000, 0x0000000091c00000|  0%| F|  |TAMS 0x0000000091b00000| PB 0x0000000091b00000| Untracked 
| 284|0x0000000091c00000, 0x0000000091c00000, 0x0000000091d00000|  0%| F|  |TAMS 0x0000000091c00000| PB 0x0000000091c00000| Untracked 
| 285|0x0000000091d00000, 0x0000000091d00000, 0x0000000091e00000|  0%| F|  |TAMS 0x0000000091d00000| PB 0x0000000091d00000| Untracked 
| 286|0x0000000091e00000, 0x0000000091e00000, 0x0000000091f00000|  0%| F|  |TAMS 0x0000000091e00000| PB 0x0000000091e00000| Untracked 
| 287|0x0000000091f00000, 0x0000000091f00000, 0x0000000092000000|  0%| F|  |TAMS 0x0000000091f00000| PB 0x0000000091f00000| Untracked 
| 288|0x0000000092000000, 0x0000000092000000, 0x0000000092100000|  0%| F|  |TAMS 0x0000000092000000| PB 0x0000000092000000| Untracked 
| 289|0x0000000092100000, 0x0000000092100000, 0x0000000092200000|  0%| F|  |TAMS 0x0000000092100000| PB 0x0000000092100000| Untracked 
| 290|0x0000000092200000, 0x0000000092200000, 0x0000000092300000|  0%| F|  |TAMS 0x0000000092200000| PB 0x0000000092200000| Untracked 
| 291|0x0000000092300000, 0x0000000092300000, 0x0000000092400000|  0%| F|  |TAMS 0x0000000092300000| PB 0x0000000092300000| Untracked 
| 292|0x0000000092400000, 0x0000000092400000, 0x0000000092500000|  0%| F|  |TAMS 0x0000000092400000| PB 0x0000000092400000| Untracked 
| 293|0x0000000092500000, 0x0000000092500000, 0x0000000092600000|  0%| F|  |TAMS 0x0000000092500000| PB 0x0000000092500000| Untracked 
| 294|0x0000000092600000, 0x0000000092600000, 0x0000000092700000|  0%| F|  |TAMS 0x0000000092600000| PB 0x0000000092600000| Untracked 
| 295|0x0000000092700000, 0x0000000092700000, 0x0000000092800000|  0%| F|  |TAMS 0x0000000092700000| PB 0x0000000092700000| Untracked 
| 296|0x0000000092800000, 0x0000000092800000, 0x0000000092900000|  0%| F|  |TAMS 0x0000000092800000| PB 0x0000000092800000| Untracked 
| 297|0x0000000092900000, 0x0000000092900000, 0x0000000092a00000|  0%| F|  |TAMS 0x0000000092900000| PB 0x0000000092900000| Untracked 
| 298|0x0000000092a00000, 0x0000000092a00000, 0x0000000092b00000|  0%| F|  |TAMS 0x0000000092a00000| PB 0x0000000092a00000| Untracked 
| 299|0x0000000092b00000, 0x0000000092b00000, 0x0000000092c00000|  0%| F|  |TAMS 0x0000000092b00000| PB 0x0000000092b00000| Untracked 
| 300|0x0000000092c00000, 0x0000000092c00000, 0x0000000092d00000|  0%| F|  |TAMS 0x0000000092c00000| PB 0x0000000092c00000| Untracked 
| 301|0x0000000092d00000, 0x0000000092d00000, 0x0000000092e00000|  0%| F|  |TAMS 0x0000000092d00000| PB 0x0000000092d00000| Untracked 
| 302|0x0000000092e00000, 0x0000000092e00000, 0x0000000092f00000|  0%| F|  |TAMS 0x0000000092e00000| PB 0x0000000092e00000| Untracked 
| 303|0x0000000092f00000, 0x0000000092f00000, 0x0000000093000000|  0%| F|  |TAMS 0x0000000092f00000| PB 0x0000000092f00000| Untracked 
| 304|0x0000000093000000, 0x0000000093000000, 0x0000000093100000|  0%| F|  |TAMS 0x0000000093000000| PB 0x0000000093000000| Untracked 
| 305|0x0000000093100000, 0x0000000093100000, 0x0000000093200000|  0%| F|  |TAMS 0x0000000093100000| PB 0x0000000093100000| Untracked 
| 306|0x0000000093200000, 0x0000000093200000, 0x0000000093300000|  0%| F|  |TAMS 0x0000000093200000| PB 0x0000000093200000| Untracked 
| 307|0x0000000093300000, 0x0000000093300000, 0x0000000093400000|  0%| F|  |TAMS 0x0000000093300000| PB 0x0000000093300000| Untracked 
| 308|0x0000000093400000, 0x0000000093400000, 0x0000000093500000|  0%| F|  |TAMS 0x0000000093400000| PB 0x0000000093400000| Untracked 
| 309|0x0000000093500000, 0x0000000093500000, 0x0000000093600000|  0%| F|  |TAMS 0x0000000093500000| PB 0x0000000093500000| Untracked 
| 310|0x0000000093600000, 0x0000000093600000, 0x0000000093700000|  0%| F|  |TAMS 0x0000000093600000| PB 0x0000000093600000| Untracked 
| 311|0x0000000093700000, 0x0000000093700000, 0x0000000093800000|  0%| F|  |TAMS 0x0000000093700000| PB 0x0000000093700000| Untracked 
| 312|0x0000000093800000, 0x0000000093800000, 0x0000000093900000|  0%| F|  |TAMS 0x0000000093800000| PB 0x0000000093800000| Untracked 
| 313|0x0000000093900000, 0x0000000093900000, 0x0000000093a00000|  0%| F|  |TAMS 0x0000000093900000| PB 0x0000000093900000| Untracked 
| 314|0x0000000093a00000, 0x0000000093a00000, 0x0000000093b00000|  0%| F|  |TAMS 0x0000000093a00000| PB 0x0000000093a00000| Untracked 
| 315|0x0000000093b00000, 0x0000000093b00000, 0x0000000093c00000|  0%| F|  |TAMS 0x0000000093b00000| PB 0x0000000093b00000| Untracked 
| 316|0x0000000093c00000, 0x0000000093c00000, 0x0000000093d00000|  0%| F|  |TAMS 0x0000000093c00000| PB 0x0000000093c00000| Untracked 
| 317|0x0000000093d00000, 0x0000000093d00000, 0x0000000093e00000|  0%| F|  |TAMS 0x0000000093d00000| PB 0x0000000093d00000| Untracked 
| 318|0x0000000093e00000, 0x0000000093e00000, 0x0000000093f00000|  0%| F|  |TAMS 0x0000000093e00000| PB 0x0000000093e00000| Untracked 
| 319|0x0000000093f00000, 0x0000000093f00000, 0x0000000094000000|  0%| F|  |TAMS 0x0000000093f00000| PB 0x0000000093f00000| Untracked 
| 320|0x0000000094000000, 0x0000000094000000, 0x0000000094100000|  0%| F|  |TAMS 0x0000000094000000| PB 0x0000000094000000| Untracked 
| 321|0x0000000094100000, 0x0000000094100000, 0x0000000094200000|  0%| F|  |TAMS 0x0000000094100000| PB 0x0000000094100000| Untracked 
| 322|0x0000000094200000, 0x0000000094200000, 0x0000000094300000|  0%| F|  |TAMS 0x0000000094200000| PB 0x0000000094200000| Untracked 
| 323|0x0000000094300000, 0x0000000094300000, 0x0000000094400000|  0%| F|  |TAMS 0x0000000094300000| PB 0x0000000094300000| Untracked 
| 324|0x0000000094400000, 0x0000000094400000, 0x0000000094500000|  0%| F|  |TAMS 0x0000000094400000| PB 0x0000000094400000| Untracked 
| 325|0x0000000094500000, 0x0000000094500000, 0x0000000094600000|  0%| F|  |TAMS 0x0000000094500000| PB 0x0000000094500000| Untracked 
| 326|0x0000000094600000, 0x0000000094600000, 0x0000000094700000|  0%| F|  |TAMS 0x0000000094600000| PB 0x0000000094600000| Untracked 
| 327|0x0000000094700000, 0x0000000094700000, 0x0000000094800000|  0%| F|  |TAMS 0x0000000094700000| PB 0x0000000094700000| Untracked 
| 328|0x0000000094800000, 0x0000000094800000, 0x0000000094900000|  0%| F|  |TAMS 0x0000000094800000| PB 0x0000000094800000| Untracked 
| 329|0x0000000094900000, 0x0000000094900000, 0x0000000094a00000|  0%| F|  |TAMS 0x0000000094900000| PB 0x0000000094900000| Untracked 
| 330|0x0000000094a00000, 0x0000000094a00000, 0x0000000094b00000|  0%| F|  |TAMS 0x0000000094a00000| PB 0x0000000094a00000| Untracked 
| 331|0x0000000094b00000, 0x0000000094b00000, 0x0000000094c00000|  0%| F|  |TAMS 0x0000000094b00000| PB 0x0000000094b00000| Untracked 
| 332|0x0000000094c00000, 0x0000000094c00000, 0x0000000094d00000|  0%| F|  |TAMS 0x0000000094c00000| PB 0x0000000094c00000| Untracked 
| 333|0x0000000094d00000, 0x0000000094d00000, 0x0000000094e00000|  0%| F|  |TAMS 0x0000000094d00000| PB 0x0000000094d00000| Untracked 
| 334|0x0000000094e00000, 0x0000000094e00000, 0x0000000094f00000|  0%| F|  |TAMS 0x0000000094e00000| PB 0x0000000094e00000| Untracked 
| 335|0x0000000094f00000, 0x0000000094f00000, 0x0000000095000000|  0%| F|  |TAMS 0x0000000094f00000| PB 0x0000000094f00000| Untracked 
| 336|0x0000000095000000, 0x0000000095000000, 0x0000000095100000|  0%| F|  |TAMS 0x0000000095000000| PB 0x0000000095000000| Untracked 
| 337|0x0000000095100000, 0x0000000095100000, 0x0000000095200000|  0%| F|  |TAMS 0x0000000095100000| PB 0x0000000095100000| Untracked 
| 338|0x0000000095200000, 0x0000000095200000, 0x0000000095300000|  0%| F|  |TAMS 0x0000000095200000| PB 0x0000000095200000| Untracked 
| 339|0x0000000095300000, 0x0000000095300000, 0x0000000095400000|  0%| F|  |TAMS 0x0000000095300000| PB 0x0000000095300000| Untracked 
| 340|0x0000000095400000, 0x0000000095400000, 0x0000000095500000|  0%| F|  |TAMS 0x0000000095400000| PB 0x0000000095400000| Untracked 
| 341|0x0000000095500000, 0x0000000095500000, 0x0000000095600000|  0%| F|  |TAMS 0x0000000095500000| PB 0x0000000095500000| Untracked 
| 342|0x0000000095600000, 0x0000000095600000, 0x0000000095700000|  0%| F|  |TAMS 0x0000000095600000| PB 0x0000000095600000| Untracked 
| 343|0x0000000095700000, 0x0000000095700000, 0x0000000095800000|  0%| F|  |TAMS 0x0000000095700000| PB 0x0000000095700000| Untracked 
| 344|0x0000000095800000, 0x0000000095800000, 0x0000000095900000|  0%| F|  |TAMS 0x0000000095800000| PB 0x0000000095800000| Untracked 
| 345|0x0000000095900000, 0x0000000095900000, 0x0000000095a00000|  0%| F|  |TAMS 0x0000000095900000| PB 0x0000000095900000| Untracked 
| 346|0x0000000095a00000, 0x0000000095a00000, 0x0000000095b00000|  0%| F|  |TAMS 0x0000000095a00000| PB 0x0000000095a00000| Untracked 
| 347|0x0000000095b00000, 0x0000000095b00000, 0x0000000095c00000|  0%| F|  |TAMS 0x0000000095b00000| PB 0x0000000095b00000| Untracked 
| 348|0x0000000095c00000, 0x0000000095c00000, 0x0000000095d00000|  0%| F|  |TAMS 0x0000000095c00000| PB 0x0000000095c00000| Untracked 
| 349|0x0000000095d00000, 0x0000000095d00000, 0x0000000095e00000|  0%| F|  |TAMS 0x0000000095d00000| PB 0x0000000095d00000| Untracked 
| 350|0x0000000095e00000, 0x0000000095e00000, 0x0000000095f00000|  0%| F|  |TAMS 0x0000000095e00000| PB 0x0000000095e00000| Untracked 
| 351|0x0000000095f00000, 0x0000000095f00000, 0x0000000096000000|  0%| F|  |TAMS 0x0000000095f00000| PB 0x0000000095f00000| Untracked 
| 352|0x0000000096000000, 0x0000000096000000, 0x0000000096100000|  0%| F|  |TAMS 0x0000000096000000| PB 0x0000000096000000| Untracked 
| 353|0x0000000096100000, 0x0000000096100000, 0x0000000096200000|  0%| F|  |TAMS 0x0000000096100000| PB 0x0000000096100000| Untracked 
| 354|0x0000000096200000, 0x0000000096200000, 0x0000000096300000|  0%| F|  |TAMS 0x0000000096200000| PB 0x0000000096200000| Untracked 
| 355|0x0000000096300000, 0x0000000096300000, 0x0000000096400000|  0%| F|  |TAMS 0x0000000096300000| PB 0x0000000096300000| Untracked 
| 356|0x0000000096400000, 0x0000000096400000, 0x0000000096500000|  0%| F|  |TAMS 0x0000000096400000| PB 0x0000000096400000| Untracked 
| 357|0x0000000096500000, 0x0000000096500000, 0x0000000096600000|  0%| F|  |TAMS 0x0000000096500000| PB 0x0000000096500000| Untracked 
| 358|0x0000000096600000, 0x0000000096600000, 0x0000000096700000|  0%| F|  |TAMS 0x0000000096600000| PB 0x0000000096600000| Untracked 
| 359|0x0000000096700000, 0x0000000096700000, 0x0000000096800000|  0%| F|  |TAMS 0x0000000096700000| PB 0x0000000096700000| Untracked 
| 360|0x0000000096800000, 0x0000000096800000, 0x0000000096900000|  0%| F|  |TAMS 0x0000000096800000| PB 0x0000000096800000| Untracked 
| 361|0x0000000096900000, 0x0000000096900000, 0x0000000096a00000|  0%| F|  |TAMS 0x0000000096900000| PB 0x0000000096900000| Untracked 
| 362|0x0000000096a00000, 0x0000000096a00000, 0x0000000096b00000|  0%| F|  |TAMS 0x0000000096a00000| PB 0x0000000096a00000| Untracked 
| 363|0x0000000096b00000, 0x0000000096b00000, 0x0000000096c00000|  0%| F|  |TAMS 0x0000000096b00000| PB 0x0000000096b00000| Untracked 
| 364|0x0000000096c00000, 0x0000000096c00000, 0x0000000096d00000|  0%| F|  |TAMS 0x0000000096c00000| PB 0x0000000096c00000| Untracked 
| 365|0x0000000096d00000, 0x0000000096d00000, 0x0000000096e00000|  0%| F|  |TAMS 0x0000000096d00000| PB 0x0000000096d00000| Untracked 
| 366|0x0000000096e00000, 0x0000000096e00000, 0x0000000096f00000|  0%| F|  |TAMS 0x0000000096e00000| PB 0x0000000096e00000| Untracked 
| 367|0x0000000096f00000, 0x0000000096f00000, 0x0000000097000000|  0%| F|  |TAMS 0x0000000096f00000| PB 0x0000000096f00000| Untracked 
| 368|0x0000000097000000, 0x0000000097000000, 0x0000000097100000|  0%| F|  |TAMS 0x0000000097000000| PB 0x0000000097000000| Untracked 
| 369|0x0000000097100000, 0x0000000097100000, 0x0000000097200000|  0%| F|  |TAMS 0x0000000097100000| PB 0x0000000097100000| Untracked 
| 370|0x0000000097200000, 0x0000000097200000, 0x0000000097300000|  0%| F|  |TAMS 0x0000000097200000| PB 0x0000000097200000| Untracked 
| 371|0x0000000097300000, 0x0000000097300000, 0x0000000097400000|  0%| F|  |TAMS 0x0000000097300000| PB 0x0000000097300000| Untracked 
| 372|0x0000000097400000, 0x0000000097400000, 0x0000000097500000|  0%| F|  |TAMS 0x0000000097400000| PB 0x0000000097400000| Untracked 
| 373|0x0000000097500000, 0x0000000097500000, 0x0000000097600000|  0%| F|  |TAMS 0x0000000097500000| PB 0x0000000097500000| Untracked 
| 374|0x0000000097600000, 0x0000000097600000, 0x0000000097700000|  0%| F|  |TAMS 0x0000000097600000| PB 0x0000000097600000| Untracked 
| 375|0x0000000097700000, 0x0000000097700000, 0x0000000097800000|  0%| F|  |TAMS 0x0000000097700000| PB 0x0000000097700000| Untracked 
| 376|0x0000000097800000, 0x0000000097800000, 0x0000000097900000|  0%| F|  |TAMS 0x0000000097800000| PB 0x0000000097800000| Untracked 
| 377|0x0000000097900000, 0x0000000097900000, 0x0000000097a00000|  0%| F|  |TAMS 0x0000000097900000| PB 0x0000000097900000| Untracked 
| 378|0x0000000097a00000, 0x0000000097a00000, 0x0000000097b00000|  0%| F|  |TAMS 0x0000000097a00000| PB 0x0000000097a00000| Untracked 
| 379|0x0000000097b00000, 0x0000000097b00000, 0x0000000097c00000|  0%| F|  |TAMS 0x0000000097b00000| PB 0x0000000097b00000| Untracked 
| 380|0x0000000097c00000, 0x0000000097c00000, 0x0000000097d00000|  0%| F|  |TAMS 0x0000000097c00000| PB 0x0000000097c00000| Untracked 
| 381|0x0000000097d00000, 0x0000000097d00000, 0x0000000097e00000|  0%| F|  |TAMS 0x0000000097d00000| PB 0x0000000097d00000| Untracked 
| 382|0x0000000097e00000, 0x0000000097e00000, 0x0000000097f00000|  0%| F|  |TAMS 0x0000000097e00000| PB 0x0000000097e00000| Untracked 
| 383|0x0000000097f00000, 0x0000000097f00000, 0x0000000098000000|  0%| F|  |TAMS 0x0000000097f00000| PB 0x0000000097f00000| Untracked 
| 384|0x0000000098000000, 0x0000000098000000, 0x0000000098100000|  0%| F|  |TAMS 0x0000000098000000| PB 0x0000000098000000| Untracked 
| 385|0x0000000098100000, 0x0000000098100000, 0x0000000098200000|  0%| F|  |TAMS 0x0000000098100000| PB 0x0000000098100000| Untracked 
| 386|0x0000000098200000, 0x0000000098200000, 0x0000000098300000|  0%| F|  |TAMS 0x0000000098200000| PB 0x0000000098200000| Untracked 
| 387|0x0000000098300000, 0x0000000098300000, 0x0000000098400000|  0%| F|  |TAMS 0x0000000098300000| PB 0x0000000098300000| Untracked 
| 388|0x0000000098400000, 0x0000000098400000, 0x0000000098500000|  0%| F|  |TAMS 0x0000000098400000| PB 0x0000000098400000| Untracked 
| 389|0x0000000098500000, 0x0000000098500000, 0x0000000098600000|  0%| F|  |TAMS 0x0000000098500000| PB 0x0000000098500000| Untracked 
| 390|0x0000000098600000, 0x0000000098600000, 0x0000000098700000|  0%| F|  |TAMS 0x0000000098600000| PB 0x0000000098600000| Untracked 
| 391|0x0000000098700000, 0x0000000098700000, 0x0000000098800000|  0%| F|  |TAMS 0x0000000098700000| PB 0x0000000098700000| Untracked 
| 392|0x0000000098800000, 0x0000000098800000, 0x0000000098900000|  0%| F|  |TAMS 0x0000000098800000| PB 0x0000000098800000| Untracked 
| 393|0x0000000098900000, 0x0000000098900000, 0x0000000098a00000|  0%| F|  |TAMS 0x0000000098900000| PB 0x0000000098900000| Untracked 
| 394|0x0000000098a00000, 0x0000000098a00000, 0x0000000098b00000|  0%| F|  |TAMS 0x0000000098a00000| PB 0x0000000098a00000| Untracked 
| 395|0x0000000098b00000, 0x0000000098b00000, 0x0000000098c00000|  0%| F|  |TAMS 0x0000000098b00000| PB 0x0000000098b00000| Untracked 
| 396|0x0000000098c00000, 0x0000000098c00000, 0x0000000098d00000|  0%| F|  |TAMS 0x0000000098c00000| PB 0x0000000098c00000| Untracked 
| 397|0x0000000098d00000, 0x0000000098d00000, 0x0000000098e00000|  0%| F|  |TAMS 0x0000000098d00000| PB 0x0000000098d00000| Untracked 
| 398|0x0000000098e00000, 0x0000000098e00000, 0x0000000098f00000|  0%| F|  |TAMS 0x0000000098e00000| PB 0x0000000098e00000| Untracked 
| 399|0x0000000098f00000, 0x0000000098f00000, 0x0000000099000000|  0%| F|  |TAMS 0x0000000098f00000| PB 0x0000000098f00000| Untracked 
| 400|0x0000000099000000, 0x0000000099000000, 0x0000000099100000|  0%| F|  |TAMS 0x0000000099000000| PB 0x0000000099000000| Untracked 
| 401|0x0000000099100000, 0x0000000099100000, 0x0000000099200000|  0%| F|  |TAMS 0x0000000099100000| PB 0x0000000099100000| Untracked 
| 402|0x0000000099200000, 0x0000000099200000, 0x0000000099300000|  0%| F|  |TAMS 0x0000000099200000| PB 0x0000000099200000| Untracked 
| 403|0x0000000099300000, 0x0000000099380000, 0x0000000099400000| 50%| E|  |TAMS 0x0000000099300000| PB 0x0000000099300000| Complete 
| 404|0x0000000099400000, 0x0000000099500000, 0x0000000099500000|100%| E|CS|TAMS 0x0000000099400000| PB 0x0000000099400000| Complete 
| 405|0x0000000099500000, 0x0000000099600000, 0x0000000099600000|100%| E|CS|TAMS 0x0000000099500000| PB 0x0000000099500000| Complete 
| 406|0x0000000099600000, 0x0000000099700000, 0x0000000099700000|100%| E|CS|TAMS 0x0000000099600000| PB 0x0000000099600000| Complete 
| 407|0x0000000099700000, 0x0000000099800000, 0x0000000099800000|100%| E|CS|TAMS 0x0000000099700000| PB 0x0000000099700000| Complete 
| 408|0x0000000099800000, 0x0000000099900000, 0x0000000099900000|100%| E|CS|TAMS 0x0000000099800000| PB 0x0000000099800000| Complete 
| 409|0x0000000099900000, 0x0000000099a00000, 0x0000000099a00000|100%| E|CS|TAMS 0x0000000099900000| PB 0x0000000099900000| Complete 
| 410|0x0000000099a00000, 0x0000000099b00000, 0x0000000099b00000|100%| E|CS|TAMS 0x0000000099a00000| PB 0x0000000099a00000| Complete 
| 411|0x0000000099b00000, 0x0000000099c00000, 0x0000000099c00000|100%| E|CS|TAMS 0x0000000099b00000| PB 0x0000000099b00000| Complete 
| 412|0x0000000099c00000, 0x0000000099d00000, 0x0000000099d00000|100%| E|CS|TAMS 0x0000000099c00000| PB 0x0000000099c00000| Complete 
| 413|0x0000000099d00000, 0x0000000099e00000, 0x0000000099e00000|100%| E|CS|TAMS 0x0000000099d00000| PB 0x0000000099d00000| Complete 
| 414|0x0000000099e00000, 0x0000000099f00000, 0x0000000099f00000|100%| E|CS|TAMS 0x0000000099e00000| PB 0x0000000099e00000| Complete 
| 415|0x0000000099f00000, 0x000000009a000000, 0x000000009a000000|100%| E|CS|TAMS 0x0000000099f00000| PB 0x0000000099f00000| Complete 
| 416|0x000000009a000000, 0x000000009a100000, 0x000000009a100000|100%| E|CS|TAMS 0x000000009a000000| PB 0x000000009a000000| Complete 
| 417|0x000000009a100000, 0x000000009a200000, 0x000000009a200000|100%| E|CS|TAMS 0x000000009a100000| PB 0x000000009a100000| Complete 
| 418|0x000000009a200000, 0x000000009a300000, 0x000000009a300000|100%| E|CS|TAMS 0x000000009a200000| PB 0x000000009a200000| Complete 
| 419|0x000000009a300000, 0x000000009a400000, 0x000000009a400000|100%| E|CS|TAMS 0x000000009a300000| PB 0x000000009a300000| Complete 
| 420|0x000000009a400000, 0x000000009a500000, 0x000000009a500000|100%| E|CS|TAMS 0x000000009a400000| PB 0x000000009a400000| Complete 
| 421|0x000000009a500000, 0x000000009a600000, 0x000000009a600000|100%| E|CS|TAMS 0x000000009a500000| PB 0x000000009a500000| Complete 
| 422|0x000000009a600000, 0x000000009a700000, 0x000000009a700000|100%| E|CS|TAMS 0x000000009a600000| PB 0x000000009a600000| Complete 
| 423|0x000000009a700000, 0x000000009a800000, 0x000000009a800000|100%| E|CS|TAMS 0x000000009a700000| PB 0x000000009a700000| Complete 
| 424|0x000000009a800000, 0x000000009a900000, 0x000000009a900000|100%| E|CS|TAMS 0x000000009a800000| PB 0x000000009a800000| Complete 
| 425|0x000000009a900000, 0x000000009aa00000, 0x000000009aa00000|100%| E|CS|TAMS 0x000000009a900000| PB 0x000000009a900000| Complete 
| 426|0x000000009aa00000, 0x000000009ab00000, 0x000000009ab00000|100%| E|CS|TAMS 0x000000009aa00000| PB 0x000000009aa00000| Complete 
| 427|0x000000009ab00000, 0x000000009ac00000, 0x000000009ac00000|100%| E|CS|TAMS 0x000000009ab00000| PB 0x000000009ab00000| Complete 
| 428|0x000000009ac00000, 0x000000009ad00000, 0x000000009ad00000|100%| E|CS|TAMS 0x000000009ac00000| PB 0x000000009ac00000| Complete 
| 429|0x000000009ad00000, 0x000000009ae00000, 0x000000009ae00000|100%| E|CS|TAMS 0x000000009ad00000| PB 0x000000009ad00000| Complete 
| 430|0x000000009ae00000, 0x000000009af00000, 0x000000009af00000|100%| E|CS|TAMS 0x000000009ae00000| PB 0x000000009ae00000| Complete 
| 431|0x000000009af00000, 0x000000009b000000, 0x000000009b000000|100%| E|CS|TAMS 0x000000009af00000| PB 0x000000009af00000| Complete 
| 432|0x000000009b000000, 0x000000009b100000, 0x000000009b100000|100%| E|CS|TAMS 0x000000009b000000| PB 0x000000009b000000| Complete 
| 433|0x000000009b100000, 0x000000009b200000, 0x000000009b200000|100%| E|CS|TAMS 0x000000009b100000| PB 0x000000009b100000| Complete 
| 434|0x000000009b200000, 0x000000009b300000, 0x000000009b300000|100%| E|CS|TAMS 0x000000009b200000| PB 0x000000009b200000| Complete 
| 435|0x000000009b300000, 0x000000009b400000, 0x000000009b400000|100%| E|CS|TAMS 0x000000009b300000| PB 0x000000009b300000| Complete 
| 436|0x000000009b400000, 0x000000009b500000, 0x000000009b500000|100%| E|CS|TAMS 0x000000009b400000| PB 0x000000009b400000| Complete 
| 437|0x000000009b500000, 0x000000009b600000, 0x000000009b600000|100%| E|CS|TAMS 0x000000009b500000| PB 0x000000009b500000| Complete 
| 438|0x000000009b600000, 0x000000009b700000, 0x000000009b700000|100%| E|CS|TAMS 0x000000009b600000| PB 0x000000009b600000| Complete 
| 439|0x000000009b700000, 0x000000009b800000, 0x000000009b800000|100%| E|CS|TAMS 0x000000009b700000| PB 0x000000009b700000| Complete 
| 440|0x000000009b800000, 0x000000009b900000, 0x000000009b900000|100%| E|CS|TAMS 0x000000009b800000| PB 0x000000009b800000| Complete 
| 441|0x000000009b900000, 0x000000009ba00000, 0x000000009ba00000|100%| E|CS|TAMS 0x000000009b900000| PB 0x000000009b900000| Complete 
| 442|0x000000009ba00000, 0x000000009bb00000, 0x000000009bb00000|100%| E|CS|TAMS 0x000000009ba00000| PB 0x000000009ba00000| Complete 
| 443|0x000000009bb00000, 0x000000009bc00000, 0x000000009bc00000|100%| E|CS|TAMS 0x000000009bb00000| PB 0x000000009bb00000| Complete 
| 444|0x000000009bc00000, 0x000000009bd00000, 0x000000009bd00000|100%| E|CS|TAMS 0x000000009bc00000| PB 0x000000009bc00000| Complete 
| 445|0x000000009bd00000, 0x000000009be00000, 0x000000009be00000|100%| E|CS|TAMS 0x000000009bd00000| PB 0x000000009bd00000| Complete 
| 446|0x000000009be00000, 0x000000009bf00000, 0x000000009bf00000|100%| E|CS|TAMS 0x000000009be00000| PB 0x000000009be00000| Complete 
| 447|0x000000009bf00000, 0x000000009c000000, 0x000000009c000000|100%| E|CS|TAMS 0x000000009bf00000| PB 0x000000009bf00000| Complete 
| 448|0x000000009c000000, 0x000000009c100000, 0x000000009c100000|100%| E|CS|TAMS 0x000000009c000000| PB 0x000000009c000000| Complete 
| 449|0x000000009c100000, 0x000000009c200000, 0x000000009c200000|100%| E|CS|TAMS 0x000000009c100000| PB 0x000000009c100000| Complete 
| 450|0x000000009c200000, 0x000000009c300000, 0x000000009c300000|100%| E|CS|TAMS 0x000000009c200000| PB 0x000000009c200000| Complete 
| 451|0x000000009c300000, 0x000000009c400000, 0x000000009c400000|100%| E|CS|TAMS 0x000000009c300000| PB 0x000000009c300000| Complete 
| 452|0x000000009c400000, 0x000000009c500000, 0x000000009c500000|100%| E|CS|TAMS 0x000000009c400000| PB 0x000000009c400000| Complete 
| 453|0x000000009c500000, 0x000000009c600000, 0x000000009c600000|100%| E|CS|TAMS 0x000000009c500000| PB 0x000000009c500000| Complete 
| 454|0x000000009c600000, 0x000000009c700000, 0x000000009c700000|100%| E|CS|TAMS 0x000000009c600000| PB 0x000000009c600000| Complete 
| 455|0x000000009c700000, 0x000000009c800000, 0x000000009c800000|100%| E|CS|TAMS 0x000000009c700000| PB 0x000000009c700000| Complete 
| 456|0x000000009c800000, 0x000000009c900000, 0x000000009c900000|100%| E|CS|TAMS 0x000000009c800000| PB 0x000000009c800000| Complete 
| 457|0x000000009c900000, 0x000000009ca00000, 0x000000009ca00000|100%| E|CS|TAMS 0x000000009c900000| PB 0x000000009c900000| Complete 
| 458|0x000000009ca00000, 0x000000009cb00000, 0x000000009cb00000|100%| E|CS|TAMS 0x000000009ca00000| PB 0x000000009ca00000| Complete 
| 459|0x000000009cb00000, 0x000000009cc00000, 0x000000009cc00000|100%| E|CS|TAMS 0x000000009cb00000| PB 0x000000009cb00000| Complete 
| 460|0x000000009cc00000, 0x000000009cd00000, 0x000000009cd00000|100%| E|CS|TAMS 0x000000009cc00000| PB 0x000000009cc00000| Complete 
| 461|0x000000009cd00000, 0x000000009ce00000, 0x000000009ce00000|100%| E|CS|TAMS 0x000000009cd00000| PB 0x000000009cd00000| Complete 
| 462|0x000000009ce00000, 0x000000009cf00000, 0x000000009cf00000|100%| E|CS|TAMS 0x000000009ce00000| PB 0x000000009ce00000| Complete 
| 463|0x000000009cf00000, 0x000000009d000000, 0x000000009d000000|100%| E|CS|TAMS 0x000000009cf00000| PB 0x000000009cf00000| Complete 
| 464|0x000000009d000000, 0x000000009d100000, 0x000000009d100000|100%| E|CS|TAMS 0x000000009d000000| PB 0x000000009d000000| Complete 
| 465|0x000000009d100000, 0x000000009d200000, 0x000000009d200000|100%| E|CS|TAMS 0x000000009d100000| PB 0x000000009d100000| Complete 
| 466|0x000000009d200000, 0x000000009d300000, 0x000000009d300000|100%| E|CS|TAMS 0x000000009d200000| PB 0x000000009d200000| Complete 
| 467|0x000000009d300000, 0x000000009d400000, 0x000000009d400000|100%| E|CS|TAMS 0x000000009d300000| PB 0x000000009d300000| Complete 
| 468|0x000000009d400000, 0x000000009d500000, 0x000000009d500000|100%| E|CS|TAMS 0x000000009d400000| PB 0x000000009d400000| Complete 
| 469|0x000000009d500000, 0x000000009d600000, 0x000000009d600000|100%| E|CS|TAMS 0x000000009d500000| PB 0x000000009d500000| Complete 
| 470|0x000000009d600000, 0x000000009d700000, 0x000000009d700000|100%| E|CS|TAMS 0x000000009d600000| PB 0x000000009d600000| Complete 
| 471|0x000000009d700000, 0x000000009d800000, 0x000000009d800000|100%| E|CS|TAMS 0x000000009d700000| PB 0x000000009d700000| Complete 
| 472|0x000000009d800000, 0x000000009d900000, 0x000000009d900000|100%| E|CS|TAMS 0x000000009d800000| PB 0x000000009d800000| Complete 
| 473|0x000000009d900000, 0x000000009da00000, 0x000000009da00000|100%| E|CS|TAMS 0x000000009d900000| PB 0x000000009d900000| Complete 
| 474|0x000000009da00000, 0x000000009db00000, 0x000000009db00000|100%| E|CS|TAMS 0x000000009da00000| PB 0x000000009da00000| Complete 
| 475|0x000000009db00000, 0x000000009dc00000, 0x000000009dc00000|100%| E|CS|TAMS 0x000000009db00000| PB 0x000000009db00000| Complete 
| 476|0x000000009dc00000, 0x000000009dd00000, 0x000000009dd00000|100%| E|CS|TAMS 0x000000009dc00000| PB 0x000000009dc00000| Complete 
| 477|0x000000009dd00000, 0x000000009de00000, 0x000000009de00000|100%| E|CS|TAMS 0x000000009dd00000| PB 0x000000009dd00000| Complete 
| 478|0x000000009de00000, 0x000000009df00000, 0x000000009df00000|100%| E|CS|TAMS 0x000000009de00000| PB 0x000000009de00000| Complete 
| 479|0x000000009df00000, 0x000000009e000000, 0x000000009e000000|100%| E|CS|TAMS 0x000000009df00000| PB 0x000000009df00000| Complete 
| 480|0x000000009e000000, 0x000000009e100000, 0x000000009e100000|100%| E|CS|TAMS 0x000000009e000000| PB 0x000000009e000000| Complete 
| 481|0x000000009e100000, 0x000000009e200000, 0x000000009e200000|100%| E|CS|TAMS 0x000000009e100000| PB 0x000000009e100000| Complete 
| 482|0x000000009e200000, 0x000000009e300000, 0x000000009e300000|100%| E|CS|TAMS 0x000000009e200000| PB 0x000000009e200000| Complete 
| 483|0x000000009e300000, 0x000000009e400000, 0x000000009e400000|100%| E|CS|TAMS 0x000000009e300000| PB 0x000000009e300000| Complete 
| 484|0x000000009e400000, 0x000000009e500000, 0x000000009e500000|100%| E|CS|TAMS 0x000000009e400000| PB 0x000000009e400000| Complete 
| 485|0x000000009e500000, 0x000000009e600000, 0x000000009e600000|100%| E|CS|TAMS 0x000000009e500000| PB 0x000000009e500000| Complete 
| 486|0x000000009e600000, 0x000000009e700000, 0x000000009e700000|100%| E|CS|TAMS 0x000000009e600000| PB 0x000000009e600000| Complete 
| 487|0x000000009e700000, 0x000000009e800000, 0x000000009e800000|100%| E|CS|TAMS 0x000000009e700000| PB 0x000000009e700000| Complete 
| 488|0x000000009e800000, 0x000000009e900000, 0x000000009e900000|100%| E|CS|TAMS 0x000000009e800000| PB 0x000000009e800000| Complete 
| 489|0x000000009e900000, 0x000000009ea00000, 0x000000009ea00000|100%| E|CS|TAMS 0x000000009e900000| PB 0x000000009e900000| Complete 
| 490|0x000000009ea00000, 0x000000009eb00000, 0x000000009eb00000|100%| E|CS|TAMS 0x000000009ea00000| PB 0x000000009ea00000| Complete 
| 491|0x000000009eb00000, 0x000000009ec00000, 0x000000009ec00000|100%| E|CS|TAMS 0x000000009eb00000| PB 0x000000009eb00000| Complete 
| 492|0x000000009ec00000, 0x000000009ed00000, 0x000000009ed00000|100%| E|CS|TAMS 0x000000009ec00000| PB 0x000000009ec00000| Complete 
| 493|0x000000009ed00000, 0x000000009ee00000, 0x000000009ee00000|100%| E|CS|TAMS 0x000000009ed00000| PB 0x000000009ed00000| Complete 
| 494|0x000000009ee00000, 0x000000009ef00000, 0x000000009ef00000|100%| E|CS|TAMS 0x000000009ee00000| PB 0x000000009ee00000| Complete 
| 495|0x000000009ef00000, 0x000000009f000000, 0x000000009f000000|100%| E|CS|TAMS 0x000000009ef00000| PB 0x000000009ef00000| Complete 
| 544|0x00000000a2000000, 0x00000000a2100000, 0x00000000a2100000|100%| E|CS|TAMS 0x00000000a2000000| PB 0x00000000a2000000| Complete 
| 545|0x00000000a2100000, 0x00000000a2200000, 0x00000000a2200000|100%| E|CS|TAMS 0x00000000a2100000| PB 0x00000000a2100000| Complete 
| 546|0x00000000a2200000, 0x00000000a2300000, 0x00000000a2300000|100%| E|CS|TAMS 0x00000000a2200000| PB 0x00000000a2200000| Complete 
| 547|0x00000000a2300000, 0x00000000a2400000, 0x00000000a2400000|100%| E|CS|TAMS 0x00000000a2300000| PB 0x00000000a2300000| Complete 
| 548|0x00000000a2400000, 0x00000000a2500000, 0x00000000a2500000|100%| E|CS|TAMS 0x00000000a2400000| PB 0x00000000a2400000| Complete 
| 549|0x00000000a2500000, 0x00000000a2600000, 0x00000000a2600000|100%| E|CS|TAMS 0x00000000a2500000| PB 0x00000000a2500000| Complete 
| 550|0x00000000a2600000, 0x00000000a2700000, 0x00000000a2700000|100%| E|CS|TAMS 0x00000000a2600000| PB 0x00000000a2600000| Complete 
| 551|0x00000000a2700000, 0x00000000a2800000, 0x00000000a2800000|100%| E|CS|TAMS 0x00000000a2700000| PB 0x00000000a2700000| Complete 
| 552|0x00000000a2800000, 0x00000000a2900000, 0x00000000a2900000|100%| E|CS|TAMS 0x00000000a2800000| PB 0x00000000a2800000| Complete 
| 553|0x00000000a2900000, 0x00000000a2a00000, 0x00000000a2a00000|100%| E|CS|TAMS 0x00000000a2900000| PB 0x00000000a2900000| Complete 
| 554|0x00000000a2a00000, 0x00000000a2b00000, 0x00000000a2b00000|100%| E|CS|TAMS 0x00000000a2a00000| PB 0x00000000a2a00000| Complete 
| 555|0x00000000a2b00000, 0x00000000a2c00000, 0x00000000a2c00000|100%| E|CS|TAMS 0x00000000a2b00000| PB 0x00000000a2b00000| Complete 
| 556|0x00000000a2c00000, 0x00000000a2d00000, 0x00000000a2d00000|100%| E|CS|TAMS 0x00000000a2c00000| PB 0x00000000a2c00000| Complete 
| 557|0x00000000a2d00000, 0x00000000a2e00000, 0x00000000a2e00000|100%| E|CS|TAMS 0x00000000a2d00000| PB 0x00000000a2d00000| Complete 
| 558|0x00000000a2e00000, 0x00000000a2f00000, 0x00000000a2f00000|100%| E|CS|TAMS 0x00000000a2e00000| PB 0x00000000a2e00000| Complete 
| 559|0x00000000a2f00000, 0x00000000a3000000, 0x00000000a3000000|100%| E|CS|TAMS 0x00000000a2f00000| PB 0x00000000a2f00000| Complete 
| 560|0x00000000a3000000, 0x00000000a3100000, 0x00000000a3100000|100%| E|CS|TAMS 0x00000000a3000000| PB 0x00000000a3000000| Complete 
| 561|0x00000000a3100000, 0x00000000a3200000, 0x00000000a3200000|100%| E|CS|TAMS 0x00000000a3100000| PB 0x00000000a3100000| Complete 
| 562|0x00000000a3200000, 0x00000000a3300000, 0x00000000a3300000|100%| E|CS|TAMS 0x00000000a3200000| PB 0x00000000a3200000| Complete 
| 563|0x00000000a3300000, 0x00000000a3400000, 0x00000000a3400000|100%| E|CS|TAMS 0x00000000a3300000| PB 0x00000000a3300000| Complete 
| 564|0x00000000a3400000, 0x00000000a3500000, 0x00000000a3500000|100%| E|CS|TAMS 0x00000000a3400000| PB 0x00000000a3400000| Complete 
| 565|0x00000000a3500000, 0x00000000a3600000, 0x00000000a3600000|100%| E|CS|TAMS 0x00000000a3500000| PB 0x00000000a3500000| Complete 
| 566|0x00000000a3600000, 0x00000000a3700000, 0x00000000a3700000|100%| E|CS|TAMS 0x00000000a3600000| PB 0x00000000a3600000| Complete 
| 567|0x00000000a3700000, 0x00000000a3800000, 0x00000000a3800000|100%| E|CS|TAMS 0x00000000a3700000| PB 0x00000000a3700000| Complete 
| 568|0x00000000a3800000, 0x00000000a3900000, 0x00000000a3900000|100%| E|CS|TAMS 0x00000000a3800000| PB 0x00000000a3800000| Complete 
| 569|0x00000000a3900000, 0x00000000a3a00000, 0x00000000a3a00000|100%| E|CS|TAMS 0x00000000a3900000| PB 0x00000000a3900000| Complete 
| 570|0x00000000a3a00000, 0x00000000a3b00000, 0x00000000a3b00000|100%| E|CS|TAMS 0x00000000a3a00000| PB 0x00000000a3a00000| Complete 
| 571|0x00000000a3b00000, 0x00000000a3c00000, 0x00000000a3c00000|100%| E|CS|TAMS 0x00000000a3b00000| PB 0x00000000a3b00000| Complete 
| 572|0x00000000a3c00000, 0x00000000a3d00000, 0x00000000a3d00000|100%| E|CS|TAMS 0x00000000a3c00000| PB 0x00000000a3c00000| Complete 
| 573|0x00000000a3d00000, 0x00000000a3e00000, 0x00000000a3e00000|100%| E|CS|TAMS 0x00000000a3d00000| PB 0x00000000a3d00000| Complete 
| 574|0x00000000a3e00000, 0x00000000a3f00000, 0x00000000a3f00000|100%| E|CS|TAMS 0x00000000a3e00000| PB 0x00000000a3e00000| Complete 
| 575|0x00000000a3f00000, 0x00000000a4000000, 0x00000000a4000000|100%| E|CS|TAMS 0x00000000a3f00000| PB 0x00000000a3f00000| Complete 
| 576|0x00000000a4000000, 0x00000000a4100000, 0x00000000a4100000|100%| E|CS|TAMS 0x00000000a4000000| PB 0x00000000a4000000| Complete 
| 577|0x00000000a4100000, 0x00000000a4200000, 0x00000000a4200000|100%| E|CS|TAMS 0x00000000a4100000| PB 0x00000000a4100000| Complete 
| 578|0x00000000a4200000, 0x00000000a4300000, 0x00000000a4300000|100%| E|CS|TAMS 0x00000000a4200000| PB 0x00000000a4200000| Complete 
| 579|0x00000000a4300000, 0x00000000a4400000, 0x00000000a4400000|100%| E|CS|TAMS 0x00000000a4300000| PB 0x00000000a4300000| Complete 
| 580|0x00000000a4400000, 0x00000000a4500000, 0x00000000a4500000|100%| E|CS|TAMS 0x00000000a4400000| PB 0x00000000a4400000| Complete 
| 581|0x00000000a4500000, 0x00000000a4600000, 0x00000000a4600000|100%| E|CS|TAMS 0x00000000a4500000| PB 0x00000000a4500000| Complete 
| 582|0x00000000a4600000, 0x00000000a4700000, 0x00000000a4700000|100%| E|CS|TAMS 0x00000000a4600000| PB 0x00000000a4600000| Complete 
| 583|0x00000000a4700000, 0x00000000a4800000, 0x00000000a4800000|100%| E|CS|TAMS 0x00000000a4700000| PB 0x00000000a4700000| Complete 
| 584|0x00000000a4800000, 0x00000000a4900000, 0x00000000a4900000|100%| E|CS|TAMS 0x00000000a4800000| PB 0x00000000a4800000| Complete 
| 585|0x00000000a4900000, 0x00000000a4a00000, 0x00000000a4a00000|100%| E|CS|TAMS 0x00000000a4900000| PB 0x00000000a4900000| Complete 
| 586|0x00000000a4a00000, 0x00000000a4b00000, 0x00000000a4b00000|100%| E|CS|TAMS 0x00000000a4a00000| PB 0x00000000a4a00000| Complete 
| 587|0x00000000a4b00000, 0x00000000a4c00000, 0x00000000a4c00000|100%| E|CS|TAMS 0x00000000a4b00000| PB 0x00000000a4b00000| Complete 
| 588|0x00000000a4c00000, 0x00000000a4d00000, 0x00000000a4d00000|100%| E|CS|TAMS 0x00000000a4c00000| PB 0x00000000a4c00000| Complete 
| 589|0x00000000a4d00000, 0x00000000a4e00000, 0x00000000a4e00000|100%| E|CS|TAMS 0x00000000a4d00000| PB 0x00000000a4d00000| Complete 
| 590|0x00000000a4e00000, 0x00000000a4f00000, 0x00000000a4f00000|100%| E|CS|TAMS 0x00000000a4e00000| PB 0x00000000a4e00000| Complete 
| 591|0x00000000a4f00000, 0x00000000a5000000, 0x00000000a5000000|100%| E|CS|TAMS 0x00000000a4f00000| PB 0x00000000a4f00000| Complete 
| 592|0x00000000a5000000, 0x00000000a5100000, 0x00000000a5100000|100%| E|CS|TAMS 0x00000000a5000000| PB 0x00000000a5000000| Complete 
| 593|0x00000000a5100000, 0x00000000a5200000, 0x00000000a5200000|100%| E|CS|TAMS 0x00000000a5100000| PB 0x00000000a5100000| Complete 
| 594|0x00000000a5200000, 0x00000000a52f0030, 0x00000000a5300000| 93%| S|CS|TAMS 0x00000000a5200000| PB 0x00000000a5200000| Complete 
| 595|0x00000000a5300000, 0x00000000a5400000, 0x00000000a5400000|100%| S|CS|TAMS 0x00000000a5300000| PB 0x00000000a5300000| Complete 
| 596|0x00000000a5400000, 0x00000000a5500000, 0x00000000a5500000|100%| S|CS|TAMS 0x00000000a5400000| PB 0x00000000a5400000| Complete 
| 597|0x00000000a5500000, 0x00000000a5600000, 0x00000000a5600000|100%| S|CS|TAMS 0x00000000a5500000| PB 0x00000000a5500000| Complete 
| 598|0x00000000a5600000, 0x00000000a5700000, 0x00000000a5700000|100%| S|CS|TAMS 0x00000000a5600000| PB 0x00000000a5600000| Complete 
| 599|0x00000000a5700000, 0x00000000a5800000, 0x00000000a5800000|100%| S|CS|TAMS 0x00000000a5700000| PB 0x00000000a5700000| Complete 
| 600|0x00000000a5800000, 0x00000000a5900000, 0x00000000a5900000|100%| S|CS|TAMS 0x00000000a5800000| PB 0x00000000a5800000| Complete 
| 601|0x00000000a5900000, 0x00000000a5a00000, 0x00000000a5a00000|100%| S|CS|TAMS 0x00000000a5900000| PB 0x00000000a5900000| Complete 
| 602|0x00000000a5a00000, 0x00000000a5b00000, 0x00000000a5b00000|100%| S|CS|TAMS 0x00000000a5a00000| PB 0x00000000a5a00000| Complete 
| 603|0x00000000a5b00000, 0x00000000a5c00000, 0x00000000a5c00000|100%| S|CS|TAMS 0x00000000a5b00000| PB 0x00000000a5b00000| Complete 
| 604|0x00000000a5c00000, 0x00000000a5d00000, 0x00000000a5d00000|100%| S|CS|TAMS 0x00000000a5c00000| PB 0x00000000a5c00000| Complete 
| 605|0x00000000a5d00000, 0x00000000a5e00000, 0x00000000a5e00000|100%| S|CS|TAMS 0x00000000a5d00000| PB 0x00000000a5d00000| Complete 
| 606|0x00000000a5e00000, 0x00000000a5f00000, 0x00000000a5f00000|100%| S|CS|TAMS 0x00000000a5e00000| PB 0x00000000a5e00000| Complete 
| 607|0x00000000a5f00000, 0x00000000a6000000, 0x00000000a6000000|100%| S|CS|TAMS 0x00000000a5f00000| PB 0x00000000a5f00000| Complete 
| 608|0x00000000a6000000, 0x00000000a6100000, 0x00000000a6100000|100%| S|CS|TAMS 0x00000000a6000000| PB 0x00000000a6000000| Complete 
| 609|0x00000000a6100000, 0x00000000a6200000, 0x00000000a6200000|100%| S|CS|TAMS 0x00000000a6100000| PB 0x00000000a6100000| Complete 
| 610|0x00000000a6200000, 0x00000000a6300000, 0x00000000a6300000|100%| S|CS|TAMS 0x00000000a6200000| PB 0x00000000a6200000| Complete 
| 611|0x00000000a6300000, 0x00000000a6400000, 0x00000000a6400000|100%| S|CS|TAMS 0x00000000a6300000| PB 0x00000000a6300000| Complete 
| 612|0x00000000a6400000, 0x00000000a6500000, 0x00000000a6500000|100%| S|CS|TAMS 0x00000000a6400000| PB 0x00000000a6400000| Complete 
| 613|0x00000000a6500000, 0x00000000a6600000, 0x00000000a6600000|100%| S|CS|TAMS 0x00000000a6500000| PB 0x00000000a6500000| Complete 
| 614|0x00000000a6600000, 0x00000000a6700000, 0x00000000a6700000|100%| S|CS|TAMS 0x00000000a6600000| PB 0x00000000a6600000| Complete 
| 615|0x00000000a6700000, 0x00000000a6800000, 0x00000000a6800000|100%| S|CS|TAMS 0x00000000a6700000| PB 0x00000000a6700000| Complete 
| 616|0x00000000a6800000, 0x00000000a6900000, 0x00000000a6900000|100%| S|CS|TAMS 0x00000000a6800000| PB 0x00000000a6800000| Complete 
| 617|0x00000000a6900000, 0x00000000a6a00000, 0x00000000a6a00000|100%| S|CS|TAMS 0x00000000a6900000| PB 0x00000000a6900000| Complete 
| 618|0x00000000a6a00000, 0x00000000a6b00000, 0x00000000a6b00000|100%| S|CS|TAMS 0x00000000a6a00000| PB 0x00000000a6a00000| Complete 
| 619|0x00000000a6b00000, 0x00000000a6c00000, 0x00000000a6c00000|100%| S|CS|TAMS 0x00000000a6b00000| PB 0x00000000a6b00000| Complete 
| 620|0x00000000a6c00000, 0x00000000a6d00000, 0x00000000a6d00000|100%| S|CS|TAMS 0x00000000a6c00000| PB 0x00000000a6c00000| Complete 
| 621|0x00000000a6d00000, 0x00000000a6e00000, 0x00000000a6e00000|100%| S|CS|TAMS 0x00000000a6d00000| PB 0x00000000a6d00000| Complete 
| 622|0x00000000a6e00000, 0x00000000a6f00000, 0x00000000a6f00000|100%| S|CS|TAMS 0x00000000a6e00000| PB 0x00000000a6e00000| Complete 
| 623|0x00000000a6f00000, 0x00000000a7000000, 0x00000000a7000000|100%| S|CS|TAMS 0x00000000a6f00000| PB 0x00000000a6f00000| Complete 
| 624|0x00000000a7000000, 0x00000000a7100000, 0x00000000a7100000|100%| S|CS|TAMS 0x00000000a7000000| PB 0x00000000a7000000| Complete 
| 625|0x00000000a7100000, 0x00000000a7200000, 0x00000000a7200000|100%| E|CS|TAMS 0x00000000a7100000| PB 0x00000000a7100000| Complete 
| 626|0x00000000a7200000, 0x00000000a7300000, 0x00000000a7300000|100%| E|CS|TAMS 0x00000000a7200000| PB 0x00000000a7200000| Complete 
| 627|0x00000000a7300000, 0x00000000a7400000, 0x00000000a7400000|100%| E|CS|TAMS 0x00000000a7300000| PB 0x00000000a7300000| Complete 
| 628|0x00000000a7400000, 0x00000000a7500000, 0x00000000a7500000|100%| E|CS|TAMS 0x00000000a7400000| PB 0x00000000a7400000| Complete 
| 629|0x00000000a7500000, 0x00000000a7600000, 0x00000000a7600000|100%| E|CS|TAMS 0x00000000a7500000| PB 0x00000000a7500000| Complete 
| 630|0x00000000a7600000, 0x00000000a7700000, 0x00000000a7700000|100%| E|CS|TAMS 0x00000000a7600000| PB 0x00000000a7600000| Complete 
| 631|0x00000000a7700000, 0x00000000a7800000, 0x00000000a7800000|100%| E|CS|TAMS 0x00000000a7700000| PB 0x00000000a7700000| Complete 
| 632|0x00000000a7800000, 0x00000000a7900000, 0x00000000a7900000|100%| E|CS|TAMS 0x00000000a7800000| PB 0x00000000a7800000| Complete 
| 633|0x00000000a7900000, 0x00000000a7a00000, 0x00000000a7a00000|100%| E|CS|TAMS 0x00000000a7900000| PB 0x00000000a7900000| Complete 
| 634|0x00000000a7a00000, 0x00000000a7b00000, 0x00000000a7b00000|100%| E|CS|TAMS 0x00000000a7a00000| PB 0x00000000a7a00000| Complete 
| 635|0x00000000a7b00000, 0x00000000a7c00000, 0x00000000a7c00000|100%| E|CS|TAMS 0x00000000a7b00000| PB 0x00000000a7b00000| Complete 
| 636|0x00000000a7c00000, 0x00000000a7d00000, 0x00000000a7d00000|100%| E|CS|TAMS 0x00000000a7c00000| PB 0x00000000a7c00000| Complete 
| 637|0x00000000a7d00000, 0x00000000a7e00000, 0x00000000a7e00000|100%| E|CS|TAMS 0x00000000a7d00000| PB 0x00000000a7d00000| Complete 
| 638|0x00000000a7e00000, 0x00000000a7f00000, 0x00000000a7f00000|100%| E|CS|TAMS 0x00000000a7e00000| PB 0x00000000a7e00000| Complete 
| 639|0x00000000a7f00000, 0x00000000a8000000, 0x00000000a8000000|100%| E|CS|TAMS 0x00000000a7f00000| PB 0x00000000a7f00000| Complete 
| 640|0x00000000a8000000, 0x00000000a8100000, 0x00000000a8100000|100%| E|CS|TAMS 0x00000000a8000000| PB 0x00000000a8000000| Complete 
| 641|0x00000000a8100000, 0x00000000a8200000, 0x00000000a8200000|100%| E|CS|TAMS 0x00000000a8100000| PB 0x00000000a8100000| Complete 
| 642|0x00000000a8200000, 0x00000000a8300000, 0x00000000a8300000|100%| E|CS|TAMS 0x00000000a8200000| PB 0x00000000a8200000| Complete 
| 643|0x00000000a8300000, 0x00000000a8400000, 0x00000000a8400000|100%| E|CS|TAMS 0x00000000a8300000| PB 0x00000000a8300000| Complete 
| 644|0x00000000a8400000, 0x00000000a8500000, 0x00000000a8500000|100%| E|CS|TAMS 0x00000000a8400000| PB 0x00000000a8400000| Complete 
| 645|0x00000000a8500000, 0x00000000a8600000, 0x00000000a8600000|100%| E|CS|TAMS 0x00000000a8500000| PB 0x00000000a8500000| Complete 
| 646|0x00000000a8600000, 0x00000000a8700000, 0x00000000a8700000|100%| E|CS|TAMS 0x00000000a8600000| PB 0x00000000a8600000| Complete 
| 647|0x00000000a8700000, 0x00000000a8800000, 0x00000000a8800000|100%| E|CS|TAMS 0x00000000a8700000| PB 0x00000000a8700000| Complete 
| 648|0x00000000a8800000, 0x00000000a8900000, 0x00000000a8900000|100%| E|CS|TAMS 0x00000000a8800000| PB 0x00000000a8800000| Complete 
| 649|0x00000000a8900000, 0x00000000a8a00000, 0x00000000a8a00000|100%| E|CS|TAMS 0x00000000a8900000| PB 0x00000000a8900000| Complete 
| 650|0x00000000a8a00000, 0x00000000a8b00000, 0x00000000a8b00000|100%| E|CS|TAMS 0x00000000a8a00000| PB 0x00000000a8a00000| Complete 
| 651|0x00000000a8b00000, 0x00000000a8c00000, 0x00000000a8c00000|100%| E|CS|TAMS 0x00000000a8b00000| PB 0x00000000a8b00000| Complete 
| 652|0x00000000a8c00000, 0x00000000a8d00000, 0x00000000a8d00000|100%| E|CS|TAMS 0x00000000a8c00000| PB 0x00000000a8c00000| Complete 
| 653|0x00000000a8d00000, 0x00000000a8e00000, 0x00000000a8e00000|100%| E|CS|TAMS 0x00000000a8d00000| PB 0x00000000a8d00000| Complete 
| 654|0x00000000a8e00000, 0x00000000a8f00000, 0x00000000a8f00000|100%| E|CS|TAMS 0x00000000a8e00000| PB 0x00000000a8e00000| Complete 
| 655|0x00000000a8f00000, 0x00000000a9000000, 0x00000000a9000000|100%| E|CS|TAMS 0x00000000a8f00000| PB 0x00000000a8f00000| Complete 
| 656|0x00000000a9000000, 0x00000000a9100000, 0x00000000a9100000|100%| E|CS|TAMS 0x00000000a9000000| PB 0x00000000a9000000| Complete 
| 657|0x00000000a9100000, 0x00000000a9200000, 0x00000000a9200000|100%| E|CS|TAMS 0x00000000a9100000| PB 0x00000000a9100000| Complete 
| 658|0x00000000a9200000, 0x00000000a9300000, 0x00000000a9300000|100%| E|CS|TAMS 0x00000000a9200000| PB 0x00000000a9200000| Complete 
|2019|0x00000000fe300000, 0x00000000fe400000, 0x00000000fe400000|100%| E|CS|TAMS 0x00000000fe300000| PB 0x00000000fe300000| Complete 
|2020|0x00000000fe400000, 0x00000000fe500000, 0x00000000fe500000|100%| E|CS|TAMS 0x00000000fe400000| PB 0x00000000fe400000| Complete 
|2021|0x00000000fe500000, 0x00000000fe600000, 0x00000000fe600000|100%| E|CS|TAMS 0x00000000fe500000| PB 0x00000000fe500000| Complete 
|2022|0x00000000fe600000, 0x00000000fe700000, 0x00000000fe700000|100%| E|CS|TAMS 0x00000000fe600000| PB 0x00000000fe600000| Complete 
|2023|0x00000000fe700000, 0x00000000fe800000, 0x00000000fe800000|100%| E|CS|TAMS 0x00000000fe700000| PB 0x00000000fe700000| Complete 
|2024|0x00000000fe800000, 0x00000000fe900000, 0x00000000fe900000|100%| E|CS|TAMS 0x00000000fe800000| PB 0x00000000fe800000| Complete 
|2025|0x00000000fe900000, 0x00000000fea00000, 0x00000000fea00000|100%| E|CS|TAMS 0x00000000fe900000| PB 0x00000000fe900000| Complete 
|2026|0x00000000fea00000, 0x00000000feb00000, 0x00000000feb00000|100%| E|  |TAMS 0x00000000fea00000| PB 0x00000000fea00000| Complete 
|2027|0x00000000feb00000, 0x00000000fec00000, 0x00000000fec00000|100%| O|  |TAMS 0x00000000feb00000| PB 0x00000000feb00000| Untracked 
|2028|0x00000000fec00000, 0x00000000fed00000, 0x00000000fed00000|100%| E|CS|TAMS 0x00000000fec00000| PB 0x00000000fec00000| Complete 
|2029|0x00000000fed00000, 0x00000000fee00000, 0x00000000fee00000|100%| O|  |TAMS 0x00000000fed00000| PB 0x00000000fed00000| Untracked 
|2030|0x00000000fee00000, 0x00000000fef00000, 0x00000000fef00000|100%| O|  |TAMS 0x00000000fee00000| PB 0x00000000fee00000| Untracked 
|2031|0x00000000fef00000, 0x00000000ff000000, 0x00000000ff000000|100%| O|  |TAMS 0x00000000fef00000| PB 0x00000000fef00000| Untracked 
|2032|0x00000000ff000000, 0x00000000ff100000, 0x00000000ff100000|100%| O|  |TAMS 0x00000000ff000000| PB 0x00000000ff000000| Untracked 
|2033|0x00000000ff100000, 0x00000000ff200000, 0x00000000ff200000|100%| O|  |TAMS 0x00000000ff100000| PB 0x00000000ff100000| Untracked 
|2034|0x00000000ff200000, 0x00000000ff300000, 0x00000000ff300000|100%| O|  |TAMS 0x00000000ff200000| PB 0x00000000ff200000| Untracked 
|2035|0x00000000ff300000, 0x00000000ff400000, 0x00000000ff400000|100%| E|CS|TAMS 0x00000000ff300000| PB 0x00000000ff300000| Complete 
|2036|0x00000000ff400000, 0x00000000ff500000, 0x00000000ff500000|100%| E|CS|TAMS 0x00000000ff400000| PB 0x00000000ff400000| Complete 
|2037|0x00000000ff500000, 0x00000000ff600000, 0x00000000ff600000|100%| E|CS|TAMS 0x00000000ff500000| PB 0x00000000ff500000| Complete 
|2038|0x00000000ff600000, 0x00000000ff700000, 0x00000000ff700000|100%| E|CS|TAMS 0x00000000ff600000| PB 0x00000000ff600000| Complete 
|2039|0x00000000ff700000, 0x00000000ff800000, 0x00000000ff800000|100%| E|CS|TAMS 0x00000000ff700000| PB 0x00000000ff700000| Complete 
|2040|0x00000000ff800000, 0x00000000ff900000, 0x00000000ff900000|100%| O|  |TAMS 0x00000000ff800000| PB 0x00000000ff800000| Untracked 
|2041|0x00000000ff900000, 0x00000000ffa00000, 0x00000000ffa00000|100%| E|CS|TAMS 0x00000000ff900000| PB 0x00000000ff900000| Complete 
|2042|0x00000000ffa00000, 0x00000000ffb00000, 0x00000000ffb00000|100%| O|  |TAMS 0x00000000ffa00000| PB 0x00000000ffa00000| Untracked 
|2043|0x00000000ffb00000, 0x00000000ffc00000, 0x00000000ffc00000|100%| O|  |TAMS 0x00000000ffb00000| PB 0x00000000ffb00000| Untracked 
|2044|0x00000000ffc00000, 0x00000000ffd00000, 0x00000000ffd00000|100%| O|  |TAMS 0x00000000ffc00000| PB 0x00000000ffc00000| Untracked 
|2045|0x00000000ffd00000, 0x00000000ffe00000, 0x00000000ffe00000|100%| O|  |TAMS 0x00000000ffd00000| PB 0x00000000ffd00000| Untracked 
|2046|0x00000000ffe00000, 0x00000000fff00000, 0x00000000fff00000|100%| O|  |TAMS 0x00000000ffe00000| PB 0x00000000ffe00000| Untracked 
|2047|0x00000000fff00000, 0x0000000100000000, 0x0000000100000000|100%| O|  |TAMS 0x00000000fff00000| PB 0x00000000fff00000| Untracked 

Card table byte_map: [0x0000020a7a710000,0x0000020a7ab10000] _byte_map_base: 0x0000020a7a310000

Marking Bits: (CMBitMap*) 0x0000020a76c98390
 Bits: [0x0000020a7ab10000, 0x0000020a7cb10000)

Polling page: 0x0000020a74c80000

Metaspace:

Usage:
  Non-class:    181.73 MB used.
      Class:     27.50 MB used.
       Both:    209.23 MB used.

Virtual space:
  Non-class space:      192.00 MB reserved,     183.06 MB ( 95%) committed,  3 nodes.
      Class space:        1.00 GB reserved,      28.75 MB (  3%) committed,  1 nodes.
             Both:        1.19 GB reserved,     211.81 MB ( 17%) committed. 

Chunk freelists:
   Non-Class:  8.63 MB
       Class:  3.09 MB
        Both:  11.72 MB

MaxMetaspaceSize: unlimited
CompressedClassSpaceSize: 1.00 GB
Initial GC threshold: 21.00 MB
Current GC threshold: 330.31 MB
CDS: off
 - commit_granule_bytes: 65536.
 - commit_granule_words: 8192.
 - virtual_space_node_default_size: 8388608.
 - enlarge_chunks_in_place: 1.
 - use_allocation_guard: 0.


Internal statistics:

num_allocs_failed_limit: 12.
num_arena_births: 5190.
num_arena_deaths: 2.
num_vsnodes_births: 4.
num_vsnodes_deaths: 0.
num_space_committed: 3450.
num_space_uncommitted: 24.
num_chunks_returned_to_freelist: 232.
num_chunks_taken_from_freelist: 14009.
num_chunk_merges: 74.
num_chunk_splits: 9764.
num_chunks_enlarged: 6901.
num_inconsistent_stats: 0.

CodeHeap 'non-profiled nmethods': size=120000Kb used=15365Kb max_used=16850Kb free=104634Kb
 bounds [0x0000020a07ad0000, 0x0000020a08b80000, 0x0000020a0f000000]
CodeHeap 'profiled nmethods': size=120000Kb used=44149Kb max_used=49941Kb free=75850Kb
 bounds [0x0000020a00000000, 0x0000020a030d0000, 0x0000020a07530000]
CodeHeap 'non-nmethods': size=5760Kb used=2303Kb max_used=2372Kb free=3456Kb
 bounds [0x0000020a07530000, 0x0000020a077a0000, 0x0000020a07ad0000]
CodeCache: size=245760Kb, used=61817Kb, max_used=69163Kb, free=183940Kb
 total_blobs=21010, nmethods=19853, adapters=1059, full_count=0
Compilation: enabled, stopped_count=0, restarted_count=0

Compilation events (20 events):
Event: 32.674 Thread 0x0000020a7f91c3c0 nmethod 26761 0x0000020a084b7490 code [0x0000020a084b7620, 0x0000020a084b76e8]
Event: 32.674 Thread 0x0000020a7f91c3c0 26760       1       kotlin.metadata.internal.protobuf.GeneratedMessageLite$Builder::getUnknownFields (5 bytes)
Event: 32.674 Thread 0x0000020a7f91c3c0 nmethod 26760 0x0000020a084b7110 code [0x0000020a084b72a0, 0x0000020a084b7368]
Event: 32.675 Thread 0x0000020a7f91c3c0 26762       3       dagger.spi.internal.shaded.androidx.room3.compiler.processing.javac.JavacMethodElement$$Lambda/0x0000000101bcfa98::invoke (8 bytes)
Event: 32.675 Thread 0x0000020a7f91c3c0 nmethod 26762 0x0000020a0240f890 code [0x0000020a0240fae0, 0x0000020a02410398]
Event: 32.676 Thread 0x0000020a7f91c3c0 26763       3       dagger.spi.internal.shaded.androidx.room3.compiler.processing.javac.JavacMethodElement::propertyName_delegate$lambda$0 (30 bytes)
Event: 32.676 Thread 0x0000020a7f91c3c0 nmethod 26763 0x0000020a02a30390 code [0x0000020a02a305c0, 0x0000020a02a30df8]
Event: 32.676 Thread 0x0000020a7f91c3c0 26764       3       dagger.spi.internal.shaded.androidx.room3.compiler.processing.javac.JavacMethodElement::isKotlinPropertyMethod (19 bytes)
Event: 32.676 Thread 0x0000020a7f91c3c0 nmethod 26764 0x0000020a01b0bd10 code [0x0000020a01b0bee0, 0x0000020a01b0c310]
Event: 32.676 Thread 0x0000020a7f91c3c0 26765       3       kotlin.metadata.internal.protobuf.SmallSortedMap::makeImmutable (42 bytes)
Event: 32.677 Thread 0x0000020a7f91c3c0 nmethod 26765 0x0000020a00f39410 code [0x0000020a00f39620, 0x0000020a00f39d10]
Event: 32.677 Thread 0x0000020a7f91c3c0 26766       3       kotlin.reflect.jvm.internal.KClassImpl::equals (33 bytes)
Event: 32.677 Thread 0x0000020a7f91c3c0 nmethod 26766 0x0000020a017dd410 code [0x0000020a017dd600, 0x0000020a017ddbe8]
Event: 32.678 Thread 0x0000020a7f91c3c0 26767       3       com.google.common.base.CharMatcher$InRange::matches (22 bytes)
Event: 32.678 Thread 0x0000020a7f91c3c0 nmethod 26767 0x0000020a010e8110 code [0x0000020a010e82c0, 0x0000020a010e8458]
Event: 32.679 Thread 0x0000020a7f91c3c0 26768       1       kotlin.metadata.internal.metadata.deserialization.BinaryVersion::getMajor (5 bytes)
Event: 32.679 Thread 0x0000020a7f91c3c0 nmethod 26768 0x0000020a08649c10 code [0x0000020a08649da0, 0x0000020a08649e68]
Event: 32.679 Thread 0x0000020a7f91c3c0 26769       3       kotlin.metadata.internal.protobuf.GeneratedMessageLite$ExtensionDescriptor::getLiteJavaType (8 bytes)
Event: 32.679 Thread 0x0000020a7f91c3c0 nmethod 26769 0x0000020a0240f390 code [0x0000020a0240f520, 0x0000020a0240f6c8]
Event: 32.679 Thread 0x0000020a7f91c3c0 26771       3       kotlin.metadata.jvm.internal.JvmExtensionNodesKt::getJvm (23 bytes)

GC Heap History (20 events):
Event: 17.501 GC heap before
{Heap before GC invocations=67 (full 0):
 garbage-first heap   total 655360K, used 537962K [0x0000000080000000, 0x0000000100000000)
  region size 1024K, 384 young (393216K), 22 survivors (22528K)
 Metaspace       used 138032K, committed 140480K, reserved 1179648K
  class space    used 19275K, committed 20416K, reserved 1048576K
}
Event: 17.508 GC heap after
{Heap after GC invocations=68 (full 0):
 garbage-first heap   total 655360K, used 170633K [0x0000000080000000, 0x0000000100000000)
  region size 1024K, 26 young (26624K), 26 survivors (26624K)
 Metaspace       used 138032K, committed 140480K, reserved 1179648K
  class space    used 19275K, committed 20416K, reserved 1048576K
}
Event: 18.666 GC heap before
{Heap before GC invocations=68 (full 0):
 garbage-first heap   total 655360K, used 536201K [0x0000000080000000, 0x0000000100000000)
  region size 1024K, 384 young (393216K), 26 survivors (26624K)
 Metaspace       used 150491K, committed 152960K, reserved 1245184K
  class space    used 20730K, committed 21888K, reserved 1048576K
}
Event: 18.673 GC heap after
{Heap after GC invocations=69 (full 0):
 garbage-first heap   total 655360K, used 175802K [0x0000000080000000, 0x0000000100000000)
  region size 1024K, 27 young (27648K), 27 survivors (27648K)
 Metaspace       used 150491K, committed 152960K, reserved 1245184K
  class space    used 20730K, committed 21888K, reserved 1048576K
}
Event: 23.067 GC heap before
{Heap before GC invocations=69 (full 0):
 garbage-first heap   total 655360K, used 543418K [0x0000000080000000, 0x0000000100000000)
  region size 1024K, 384 young (393216K), 27 survivors (27648K)
 Metaspace       used 189505K, committed 192064K, reserved 1245184K
  class space    used 24907K, committed 26112K, reserved 1048576K
}
Event: 23.089 GC heap after
{Heap after GC invocations=70 (full 0):
 garbage-first heap   total 655360K, used 223200K [0x0000000080000000, 0x0000000100000000)
  region size 1024K, 48 young (49152K), 48 survivors (49152K)
 Metaspace       used 189505K, committed 192064K, reserved 1245184K
  class space    used 24907K, committed 26112K, reserved 1048576K
}
Event: 23.170 GC heap before
{Heap before GC invocations=70 (full 0):
 garbage-first heap   total 655360K, used 228320K [0x0000000080000000, 0x0000000100000000)
  region size 1024K, 54 young (55296K), 48 survivors (49152K)
 Metaspace       used 190395K, committed 192960K, reserved 1245184K
  class space    used 25000K, committed 26240K, reserved 1048576K
}
Event: 23.184 GC heap after
{Heap after GC invocations=71 (full 0):
 garbage-first heap   total 655360K, used 230912K [0x0000000080000000, 0x0000000100000000)
  region size 1024K, 5 young (5120K), 5 survivors (5120K)
 Metaspace       used 190395K, committed 192960K, reserved 1245184K
  class space    used 25000K, committed 26240K, reserved 1048576K
}
Event: 24.801 GC heap before
{Heap before GC invocations=72 (full 0):
 garbage-first heap   total 655360K, used 586239K [0x0000000080000000, 0x0000000100000000)
  region size 1024K, 357 young (365568K), 5 survivors (5120K)
 Metaspace       used 194352K, committed 196928K, reserved 1245184K
  class space    used 25610K, committed 26816K, reserved 1048576K
}
Event: 24.808 GC heap after
{Heap after GC invocations=73 (full 0):
 garbage-first heap   total 655360K, used 243627K [0x0000000080000000, 0x0000000100000000)
  region size 1024K, 24 young (24576K), 24 survivors (24576K)
 Metaspace       used 194352K, committed 196928K, reserved 1245184K
  class space    used 25610K, committed 26816K, reserved 1048576K
}
Event: 29.254 GC heap before
{Heap before GC invocations=73 (full 0):
 garbage-first heap   total 655360K, used 585643K [0x0000000080000000, 0x0000000100000000)
  region size 1024K, 359 young (367616K), 24 survivors (24576K)
 Metaspace       used 199991K, committed 202688K, reserved 1245184K
  class space    used 26403K, committed 27712K, reserved 1048576K
}
Event: 29.265 GC heap after
{Heap after GC invocations=74 (full 0):
 garbage-first heap   total 655360K, used 254353K [0x0000000080000000, 0x0000000100000000)
  region size 1024K, 35 young (35840K), 35 survivors (35840K)
 Metaspace       used 199991K, committed 202688K, reserved 1245184K
  class space    used 26403K, committed 27712K, reserved 1048576K
}
Event: 29.683 GC heap before
{Heap before GC invocations=74 (full 0):
 garbage-first heap   total 655360K, used 592273K [0x0000000080000000, 0x0000000100000000)
  region size 1024K, 366 young (374784K), 35 survivors (35840K)
 Metaspace       used 200270K, committed 202944K, reserved 1245184K
  class space    used 26438K, committed 27712K, reserved 1048576K
}
Event: 29.694 GC heap after
{Heap after GC invocations=75 (full 0):
 garbage-first heap   total 655360K, used 262096K [0x0000000080000000, 0x0000000100000000)
  region size 1024K, 20 young (20480K), 20 survivors (20480K)
 Metaspace       used 200270K, committed 202944K, reserved 1245184K
  class space    used 26438K, committed 27712K, reserved 1048576K
}
Event: 29.938 GC heap before
{Heap before GC invocations=76 (full 0):
 garbage-first heap   total 655360K, used 600016K [0x0000000080000000, 0x0000000100000000)
  region size 1024K, 351 young (359424K), 20 survivors (20480K)
 Metaspace       used 200276K, committed 202944K, reserved 1245184K
  class space    used 26438K, committed 27712K, reserved 1048576K
}
Event: 29.945 GC heap after
{Heap after GC invocations=77 (full 0):
 garbage-first heap   total 655360K, used 263438K [0x0000000080000000, 0x0000000100000000)
  region size 1024K, 21 young (21504K), 21 survivors (21504K)
 Metaspace       used 200276K, committed 202944K, reserved 1245184K
  class space    used 26438K, committed 27712K, reserved 1048576K
}
Event: 30.279 GC heap before
{Heap before GC invocations=77 (full 0):
 garbage-first heap   total 655360K, used 608526K [0x0000000080000000, 0x0000000100000000)
  region size 1024K, 359 young (367616K), 21 survivors (21504K)
 Metaspace       used 200491K, committed 203136K, reserved 1245184K
  class space    used 26469K, committed 27776K, reserved 1048576K
}
Event: 30.288 GC heap after
{Heap after GC invocations=78 (full 0):
 garbage-first heap   total 655360K, used 261202K [0x0000000080000000, 0x0000000100000000)
  region size 1024K, 23 young (23552K), 23 survivors (23552K)
 Metaspace       used 200491K, committed 203136K, reserved 1245184K
  class space    used 26469K, committed 27776K, reserved 1048576K
}
Event: 30.766 GC heap before
{Heap before GC invocations=78 (full 0):
 garbage-first heap   total 655360K, used 310354K [0x0000000080000000, 0x0000000100000000)
  region size 1024K, 72 young (73728K), 23 survivors (23552K)
 Metaspace       used 201930K, committed 204544K, reserved 1245184K
  class space    used 26665K, committed 27968K, reserved 1048576K
}
Event: 30.776 GC heap after
{Heap after GC invocations=79 (full 0):
 garbage-first heap   total 655360K, used 269330K [0x0000000080000000, 0x0000000100000000)
  region size 1024K, 31 young (31744K), 31 survivors (31744K)
 Metaspace       used 201930K, committed 204544K, reserved 1245184K
  class space    used 26665K, committed 27968K, reserved 1048576K
}

Dll operation events (3 events):
Event: 0.008 Loaded shared library C:\Program Files\Android\Android Studio\jbr\bin\java.dll
Event: 0.013 Loaded shared library C:\Program Files\Android\Android Studio\jbr\bin\zip.dll
Event: 0.636 Loaded shared library C:\Program Files\Android\Android Studio\jbr\bin\verify.dll

Deoptimization events (20 events):
Event: 32.280 Thread 0x0000020a1532fd90 Uncommon trap: trap_request=0xffffffc6 fr.pc=0x0000020a0866959c relative=0x00000000000003bc
Event: 32.280 Thread 0x0000020a1532fd90 Uncommon trap: reason=bimorphic_or_optimized_type_check action=maybe_recompile pc=0x0000020a0866959c method=java.util.AbstractList$SubList$1.<init>(Ljava/util/AbstractList$SubList;I)V @ 34 c2
Event: 32.280 Thread 0x0000020a1532fd90 DEOPT PACKING pc=0x0000020a0866959c sp=0x0000003f63af71f0
Event: 32.280 Thread 0x0000020a1532fd90 DEOPT UNPACKING pc=0x0000020a075843a2 sp=0x0000003f63af7080 mode 2
Event: 32.358 Thread 0x0000020a1532fd90 Uncommon trap: trap_request=0xffffff45 fr.pc=0x0000020a07c54ac0 relative=0x0000000000000100
Event: 32.358 Thread 0x0000020a1532fd90 Uncommon trap: reason=unstable_if action=reinterpret pc=0x0000020a07c54ac0 method=java.lang.CharacterDataLatin1.digit(II)I @ 12 c2
Event: 32.358 Thread 0x0000020a1532fd90 DEOPT PACKING pc=0x0000020a07c54ac0 sp=0x0000003f63af8640
Event: 32.358 Thread 0x0000020a1532fd90 DEOPT UNPACKING pc=0x0000020a075843a2 sp=0x0000003f63af84f8 mode 2
Event: 32.358 Thread 0x0000020a1532fd90 Uncommon trap: trap_request=0xffffff45 fr.pc=0x0000020a07c54660 relative=0x00000000000000c0
Event: 32.358 Thread 0x0000020a1532fd90 Uncommon trap: reason=unstable_if action=reinterpret pc=0x0000020a07c54660 method=java.lang.CharacterDataLatin1.digit(II)I @ 12 c2
Event: 32.358 Thread 0x0000020a1532fd90 DEOPT PACKING pc=0x0000020a07c54660 sp=0x0000003f63af8590
Event: 32.358 Thread 0x0000020a1532fd90 DEOPT UNPACKING pc=0x0000020a075843a2 sp=0x0000003f63af8508 mode 2
Event: 32.404 Thread 0x0000020a1532fd90 Uncommon trap: trap_request=0xffffff45 fr.pc=0x0000020a08311ab0 relative=0x00000000000039b0
Event: 32.404 Thread 0x0000020a1532fd90 Uncommon trap: reason=unstable_if action=reinterpret pc=0x0000020a08311ab0 method=com.sun.tools.javac.code.Symtab.lookupPackage(Lcom/sun/tools/javac/code/Symbol$ModuleSymbol;Lcom/sun/tools/javac/util/Name;Z)Lcom/sun/tools/javac/code/Symbol$PackageSymbol; 
Event: 32.404 Thread 0x0000020a1532fd90 DEOPT PACKING pc=0x0000020a08311ab0 sp=0x0000003f63af85c0
Event: 32.404 Thread 0x0000020a1532fd90 DEOPT UNPACKING pc=0x0000020a075843a2 sp=0x0000003f63af85d8 mode 2
Event: 32.559 Thread 0x0000020a1532fd90 Uncommon trap: trap_request=0xffffff45 fr.pc=0x0000020a082a5c24 relative=0x00000000000002c4
Event: 32.559 Thread 0x0000020a1532fd90 Uncommon trap: reason=unstable_if action=reinterpret pc=0x0000020a082a5c24 method=java.util.stream.AbstractPipeline.sourceSpliterator(I)Ljava/util/Spliterator; @ 9 c2
Event: 32.559 Thread 0x0000020a1532fd90 DEOPT PACKING pc=0x0000020a082a5c24 sp=0x0000003f63af7cc0
Event: 32.559 Thread 0x0000020a1532fd90 DEOPT UNPACKING pc=0x0000020a075843a2 sp=0x0000003f63af7c70 mode 2

Classes loaded (20 events):
Event: 31.060 Loading class jdk/internal/jimage/ImageReader$Resource
Event: 31.060 Loading class jdk/internal/jimage/ImageReader$Resource done
Event: 31.060 Loading class jdk/internal/jrtfs/JrtFileAttributes
Event: 31.061 Loading class jdk/internal/jrtfs/JrtFileAttributes done
Event: 31.093 Loading class java/nio/file/SimpleFileVisitor
Event: 31.093 Loading class java/nio/file/SimpleFileVisitor done
Event: 31.094 Loading class java/nio/file/DirectoryIteratorException
Event: 31.094 Loading class java/nio/file/DirectoryIteratorException done
Event: 31.095 Loading class java/time/DateTimeException
Event: 31.095 Loading class java/time/DateTimeException done
Event: 31.095 Loading class java/util/regex/PatternSyntaxException
Event: 31.095 Loading class java/util/regex/PatternSyntaxException done
Event: 31.134 Loading class java/time/temporal/TemporalAdjusters
Event: 31.134 Loading class java/time/temporal/TemporalAdjusters done
Event: 31.134 Loading class java/time/LocalDate$1
Event: 31.134 Loading class java/time/LocalDate$1 done
Event: 32.088 Loading class java/util/regex/Matcher$ImmutableMatchResult
Event: 32.088 Loading class java/util/regex/Matcher$ImmutableMatchResult done
Event: 32.124 Loading class java/io/FilterWriter
Event: 32.124 Loading class java/io/FilterWriter done

Classes unloaded (20 events):
Event: 30.845 Thread 0x0000020a7f87e360 Unloading class 0x00000001016ddcb0 'dagger/hilt/processor/internal/BaseProcessingStep'
Event: 30.845 Thread 0x0000020a7f87e360 Unloading class 0x00000001016dda80 'dagger/spi/internal/shaded/androidx/room3/compiler/processing/XProcessingStep'
Event: 30.845 Thread 0x0000020a7f87e360 Unloading class 0x00000001016dd7b8 'dagger/hilt/processor/internal/uninstallmodules/KspUninstallModulesProcessor'
Event: 30.845 Thread 0x0000020a7f87e360 Unloading class 0x00000001016dd4f0 'dagger/hilt/processor/internal/KspBaseProcessingStepProcessor'
Event: 30.845 Thread 0x0000020a7f87e360 Unloading class 0x00000001016dd230 'dagger/spi/internal/shaded/androidx/room3/compiler/processing/ksp/KspBasicAnnotationProcessor'
Event: 30.845 Thread 0x0000020a7f87e360 Unloading class 0x00000001016dd000 'dagger/spi/internal/shaded/androidx/room3/compiler/processing/XBasicAnnotationProcessor'
Event: 30.845 Thread 0x0000020a7f87e360 Unloading class 0x00000001011f1bc0 'dagger/internal/codegen/KspComponentProcessor$Provider'
Event: 30.845 Thread 0x0000020a7f87e360 Unloading class 0x00000001011f1970 'dagger/hilt/android/processor/internal/customtestapplication/KspCustomTestApplicationProcessor$Provider'
Event: 30.845 Thread 0x0000020a7f87e360 Unloading class 0x00000001011f1720 'dagger/hilt/processor/internal/generatesrootinput/KspGeneratesRootInputProcessor$Provider'
Event: 30.845 Thread 0x0000020a7f87e360 Unloading class 0x00000001011f14d0 'dagger/hilt/processor/internal/aggregateddeps/KspAggregatedDepsProcessor$Provider'
Event: 30.845 Thread 0x0000020a7f87e360 Unloading class 0x00000001011f1280 'dagger/hilt/processor/internal/aliasof/KspAliasOfProcessor$Provider'
Event: 30.845 Thread 0x0000020a7f87e360 Unloading class 0x00000001011f1030 'dagger/hilt/processor/internal/root/KspRootProcessor$Provider'
Event: 30.845 Thread 0x0000020a7f87e360 Unloading class 0x00000001011f0de0 'dagger/hilt/processor/internal/root/KspComponentTreeDepsProcessor$Provider'
Event: 30.845 Thread 0x0000020a7f87e360 Unloading class 0x00000001011f0b90 'dagger/hilt/android/processor/internal/bindvalue/KspBindValueProcessor$Provider'
Event: 30.845 Thread 0x0000020a7f87e360 Unloading class 0x00000001011f0940 'dagger/hilt/processor/internal/originatingelement/KspOriginatingElementProcessor$Provider'
Event: 30.845 Thread 0x0000020a7f87e360 Unloading class 0x00000001011f06f0 'dagger/hilt/processor/internal/definecomponent/KspDefineComponentProcessor$Provider'
Event: 30.845 Thread 0x0000020a7f87e360 Unloading class 0x00000001011f04a0 'dagger/hilt/android/processor/internal/androidentrypoint/KspAndroidEntryPointProcessor$Provider'
Event: 30.845 Thread 0x0000020a7f87e360 Unloading class 0x00000001011f0250 'dagger/hilt/processor/internal/earlyentrypoint/KspEarlyEntryPointProcessor$Provider'
Event: 30.845 Thread 0x0000020a7f87e360 Unloading class 0x00000001011f0000 'dagger/hilt/android/processor/internal/viewmodel/KspViewModelProcessor$Provider'
Event: 30.845 Thread 0x0000020a7f87e360 Unloading class 0x00000001011ec400 'dagger/hilt/processor/internal/uninstallmodules/KspUninstallModulesProcessor$Provider'

Classes redefined (0 events):
No events

Internal exceptions (20 events):
Event: 32.511 Thread 0x0000020a1532fd90 Exception <a 'java/lang/IncompatibleClassChangeError'{0x000000009aa04190}: Found class java.lang.Object, but interface was expected> (0x000000009aa04190) 
thrown [s\src\hotspot\share\interpreter\linkResolver.cpp, line 851]
Event: 32.511 Thread 0x0000020a1532fd90 Exception <a 'java/lang/IncompatibleClassChangeError'{0x000000009aa0ebf8}: Found class java.lang.Object, but interface was expected> (0x000000009aa0ebf8) 
thrown [s\src\hotspot\share\interpreter\linkResolver.cpp, line 851]
Event: 32.518 Thread 0x0000020a1532fd90 Exception <a 'java/lang/IncompatibleClassChangeError'{0x000000009aa85240}: Found class java.lang.Object, but interface was expected> (0x000000009aa85240) 
thrown [s\src\hotspot\share\interpreter\linkResolver.cpp, line 851]
Event: 32.529 Thread 0x0000020a1532fd90 Exception <a 'sun/nio/fs/WindowsException'{0x000000009a918060}> (0x000000009a918060) 
thrown [s\src\hotspot\share\prims\jni.cpp, line 537]
Event: 32.529 Thread 0x0000020a1532fd90 Exception <a 'sun/nio/fs/WindowsException'{0x000000009a919c90}> (0x000000009a919c90) 
thrown [s\src\hotspot\share\prims\jni.cpp, line 537]
Event: 32.529 Thread 0x0000020a1532fd90 Exception <a 'sun/nio/fs/WindowsException'{0x000000009a91b8b8}> (0x000000009a91b8b8) 
thrown [s\src\hotspot\share\prims\jni.cpp, line 537]
Event: 32.590 Thread 0x0000020a1532fd90 Exception <a 'sun/nio/fs/WindowsException'{0x000000009a4156e8}> (0x000000009a4156e8) 
thrown [s\src\hotspot\share\prims\jni.cpp, line 537]
Event: 32.590 Thread 0x0000020a1532fd90 Exception <a 'sun/nio/fs/WindowsException'{0x000000009a4170f8}> (0x000000009a4170f8) 
thrown [s\src\hotspot\share\prims\jni.cpp, line 537]
Event: 32.590 Thread 0x0000020a1532fd90 Exception <a 'sun/nio/fs/WindowsException'{0x000000009a418b00}> (0x000000009a418b00) 
thrown [s\src\hotspot\share\prims\jni.cpp, line 537]
Event: 32.592 Thread 0x0000020a1532fd90 Exception <a 'sun/nio/fs/WindowsException'{0x000000009a326810}> (0x000000009a326810) 
thrown [s\src\hotspot\share\prims\jni.cpp, line 537]
Event: 32.592 Thread 0x0000020a1532fd90 Exception <a 'sun/nio/fs/WindowsException'{0x000000009a328220}> (0x000000009a328220) 
thrown [s\src\hotspot\share\prims\jni.cpp, line 537]
Event: 32.592 Thread 0x0000020a1532fd90 Exception <a 'sun/nio/fs/WindowsException'{0x000000009a329c28}> (0x000000009a329c28) 
thrown [s\src\hotspot\share\prims\jni.cpp, line 537]
Event: 32.644 Thread 0x0000020a1532fd90 Exception <a 'sun/nio/fs/WindowsException'{0x0000000099904fb8}> (0x0000000099904fb8) 
thrown [s\src\hotspot\share\prims\jni.cpp, line 537]
Event: 32.644 Thread 0x0000020a1532fd90 Exception <a 'sun/nio/fs/WindowsException'{0x000000009990a730}> (0x000000009990a730) 
thrown [s\src\hotspot\share\prims\jni.cpp, line 537]
Event: 32.644 Thread 0x0000020a1532fd90 Exception <a 'sun/nio/fs/WindowsException'{0x000000009990c358}> (0x000000009990c358) 
thrown [s\src\hotspot\share\prims\jni.cpp, line 537]
Event: 32.656 Thread 0x0000020a1532fd90 Exception <a 'sun/nio/fs/WindowsException'{0x000000009999d030}> (0x000000009999d030) 
thrown [s\src\hotspot\share\prims\jni.cpp, line 537]
Event: 32.656 Thread 0x0000020a1532fd90 Exception <a 'sun/nio/fs/WindowsException'{0x00000000999a9a18}> (0x00000000999a9a18) 
thrown [s\src\hotspot\share\prims\jni.cpp, line 537]
Event: 32.656 Thread 0x0000020a1532fd90 Exception <a 'sun/nio/fs/WindowsException'{0x00000000999ab8f0}> (0x00000000999ab8f0) 
thrown [s\src\hotspot\share\prims\jni.cpp, line 537]
Event: 32.659 Thread 0x0000020a1532fd90 Exception <a 'sun/nio/fs/WindowsException'{0x00000000999f1d48}> (0x00000000999f1d48) 
thrown [s\src\hotspot\share\prims\jni.cpp, line 537]
Event: 32.668 Thread 0x0000020a1532fd90 Exception <a 'sun/nio/fs/WindowsException'{0x00000000998622c8}> (0x00000000998622c8) 
thrown [s\src\hotspot\share\prims\jni.cpp, line 537]

ZGC Phase Switch (0 events):
No events

VM Operations (20 events):
Event: 30.584 Executing non-safepoint VM operation: HandshakeAllThreads (Deoptimize)
Event: 30.584 Executing non-safepoint VM operation: HandshakeAllThreads (Deoptimize) done
Event: 30.766 Executing safepoint VM operation: G1TryInitiateConcMark (G1 Humongous Allocation)
Event: 30.776 Executing safepoint VM operation: G1TryInitiateConcMark (G1 Humongous Allocation) done
Event: 30.843 Executing safepoint VM operation: G1PauseRemark
Event: 30.861 Executing safepoint VM operation: G1PauseRemark done
Event: 30.900 Executing safepoint VM operation: G1PauseCleanup
Event: 30.901 Executing safepoint VM operation: G1PauseCleanup done
Event: 31.690 Executing safepoint VM operation: ICBufferFull
Event: 31.691 Executing safepoint VM operation: ICBufferFull done
Event: 32.072 Executing safepoint VM operation: ICBufferFull
Event: 32.072 Executing safepoint VM operation: ICBufferFull done
Event: 32.376 Executing non-safepoint VM operation: HandshakeAllThreads (Deoptimize)
Event: 32.376 Executing non-safepoint VM operation: HandshakeAllThreads (Deoptimize) done
Event: 32.411 Executing safepoint VM operation: ICBufferFull
Event: 32.411 Executing safepoint VM operation: ICBufferFull done
Event: 32.433 Executing non-safepoint VM operation: HandshakeAllThreads (Deoptimize)
Event: 32.433 Executing non-safepoint VM operation: HandshakeAllThreads (Deoptimize) done
Event: 32.588 Executing safepoint VM operation: ICBufferFull
Event: 32.588 Executing safepoint VM operation: ICBufferFull done

Memory protections (0 events):
No events

Nmethod flushes (20 events):
Event: 30.856 Thread 0x0000020a7f87e360 flushing  nmethod 0x0000020a029a9410
Event: 30.856 Thread 0x0000020a7f87e360 flushing  nmethod 0x0000020a029aa090
Event: 30.856 Thread 0x0000020a7f87e360 flushing  nmethod 0x0000020a02a5cb10
Event: 30.856 Thread 0x0000020a7f87e360 flushing  nmethod 0x0000020a02a5dc90
Event: 30.856 Thread 0x0000020a7f87e360 flushing  nmethod 0x0000020a02a83090
Event: 30.856 Thread 0x0000020a7f87e360 flushing  nmethod 0x0000020a02a83490
Event: 30.856 Thread 0x0000020a7f87e360 flushing  nmethod 0x0000020a02a87390
Event: 30.856 Thread 0x0000020a7f87e360 flushing  nmethod 0x0000020a02df5610
Event: 30.856 Thread 0x0000020a7f87e360 flushing  nmethod 0x0000020a02dff090
Event: 30.856 Thread 0x0000020a7f87e360 flushing  nmethod 0x0000020a02dffc10
Event: 30.856 Thread 0x0000020a7f87e360 flushing  nmethod 0x0000020a02e00e10
Event: 30.856 Thread 0x0000020a7f87e360 flushing  nmethod 0x0000020a02e02d90
Event: 30.856 Thread 0x0000020a7f87e360 flushing  nmethod 0x0000020a02ed7d90
Event: 30.856 Thread 0x0000020a7f87e360 flushing  nmethod 0x0000020a02ed8a10
Event: 30.856 Thread 0x0000020a7f87e360 flushing  nmethod 0x0000020a0301de90
Event: 30.856 Thread 0x0000020a7f87e360 flushing  nmethod 0x0000020a03085b10
Event: 30.856 Thread 0x0000020a7f87e360 flushing  nmethod 0x0000020a03085f10
Event: 30.856 Thread 0x0000020a7f87e360 flushing  nmethod 0x0000020a03086810
Event: 30.856 Thread 0x0000020a7f87e360 flushing  nmethod 0x0000020a03086c90
Event: 30.856 Thread 0x0000020a7f87e360 flushing  nmethod 0x0000020a03087910

Events (20 events):
Event: 29.221 Thread 0x0000020a1532fd90 Thread added: 0x0000020a2991de40
Event: 29.221 Thread 0x0000020a1532fd90 Thread added: 0x0000020a2991f1f0
Event: 29.221 Thread 0x0000020a1532fd90 Thread added: 0x0000020a2991ca90
Event: 29.221 Thread 0x0000020a1532fd90 Thread added: 0x0000020a2991e4d0
Event: 29.221 Thread 0x0000020a1532fd90 Thread added: 0x0000020a2991d120
Event: 29.221 Thread 0x0000020a1532fd90 Thread added: 0x0000020a299205a0
Event: 29.222 Thread 0x0000020a1532fd90 Thread added: 0x0000020a29921fe0
Event: 29.222 Thread 0x0000020a1532fd90 Thread added: 0x0000020a29922670
Event: 29.233 Thread 0x0000020a7f910de0 Thread added: 0x0000020a20c4a520
Event: 29.239 Thread 0x0000020a7f91c3c0 Thread added: 0x0000020a1ecac9f0
Event: 29.269 Thread 0x0000020a29911ff0 Thread exited: 0x0000020a29911ff0
Event: 29.464 Thread 0x0000020a166f4490 Thread exited: 0x0000020a166f4490
Event: 29.829 Thread 0x0000020a1ecac9f0 Thread exited: 0x0000020a1ecac9f0
Event: 30.166 Thread 0x0000020a7f91c3c0 Thread added: 0x0000020a17b8b6a0
Event: 30.279 Thread 0x0000020a1532fd90 Thread added: 0x0000020a29916190
Event: 30.657 Thread 0x0000020a17b8b6a0 Thread exited: 0x0000020a17b8b6a0
Event: 30.743 Thread 0x0000020a20c4a520 Thread exited: 0x0000020a20c4a520
Event: 31.071 Thread 0x0000020a7f91c3c0 Thread added: 0x0000020a1fd85420
Event: 31.177 Thread 0x0000020a7f91c3c0 Thread added: 0x0000020a1fd84680
Event: 32.362 Thread 0x0000020a1fd84680 Thread exited: 0x0000020a1fd84680


Dynamic libraries:
0x00007ff724600000 - 0x00007ff72460a000 	C:\Program Files\Android\Android Studio\jbr\bin\java.exe
0x00007ff916da0000 - 0x00007ff917007000 	C:\WINDOWS\SYSTEM32\ntdll.dll
0x00007ff916180000 - 0x00007ff916249000 	C:\WINDOWS\System32\KERNEL32.DLL
0x00007ff913860000 - 0x00007ff913c54000 	C:\WINDOWS\System32\KERNELBASE.dll
0x00007ff914650000 - 0x00007ff91479b000 	C:\WINDOWS\System32\ucrtbase.dll
0x00007ff908e60000 - 0x00007ff908e7b000 	C:\Program Files\Android\Android Studio\jbr\bin\VCRUNTIME140.dll
0x00007ff90ae00000 - 0x00007ff90ae18000 	C:\Program Files\Android\Android Studio\jbr\bin\jli.dll
0x00007ff914bd0000 - 0x00007ff914d95000 	C:\WINDOWS\System32\USER32.dll
0x00007ff8f7d30000 - 0x00007ff8f7fc3000 	C:\WINDOWS\WinSxS\amd64_microsoft.windows.common-controls_6595b64144ccf1df_6.0.26100.8115_none_3e075c82e3354f9c\COMCTL32.dll
0x00007ff913670000 - 0x00007ff913697000 	C:\WINDOWS\System32\win32u.dll
0x00007ff914da0000 - 0x00007ff914e49000 	C:\WINDOWS\System32\msvcrt.dll
0x00007ff915a60000 - 0x00007ff915a8b000 	C:\WINDOWS\System32\GDI32.dll
0x00007ff913730000 - 0x00007ff91385b000 	C:\WINDOWS\System32\gdi32full.dll
0x00007ff9149d0000 - 0x00007ff914a73000 	C:\WINDOWS\System32\msvcp_win.dll
0x00007ff916a20000 - 0x00007ff916a52000 	C:\WINDOWS\System32\IMM32.DLL
0x00007ff90e0e0000 - 0x00007ff90e0ec000 	C:\Program Files\Android\Android Studio\jbr\bin\vcruntime140_1.dll
0x00007ff8c9800000 - 0x00007ff8c988d000 	C:\Program Files\Android\Android Studio\jbr\bin\msvcp140.dll
0x00007ffff3b40000 - 0x00007ffff47d6000 	C:\Program Files\Android\Android Studio\jbr\bin\server\jvm.dll
0x00007ff916550000 - 0x00007ff916606000 	C:\WINDOWS\System32\ADVAPI32.dll
0x00007ff916800000 - 0x00007ff9168a7000 	C:\WINDOWS\System32\sechost.dll
0x00007ff916250000 - 0x00007ff916368000 	C:\WINDOWS\System32\RPCRT4.dll
0x00007ff916cd0000 - 0x00007ff916d50000 	C:\WINDOWS\System32\WS2_32.dll
0x00007ff912230000 - 0x00007ff91228e000 	C:\WINDOWS\SYSTEM32\POWRPROF.dll
0x00007ff90c140000 - 0x00007ff90c176000 	C:\WINDOWS\SYSTEM32\WINMM.dll
0x00007ff9078b0000 - 0x00007ff9078bb000 	C:\WINDOWS\SYSTEM32\VERSION.dll
0x00007ff912210000 - 0x00007ff912224000 	C:\WINDOWS\SYSTEM32\UMPDC.dll
0x00007ff9124e0000 - 0x00007ff9124fb000 	C:\WINDOWS\SYSTEM32\kernel.appcore.dll
0x00007ff908da0000 - 0x00007ff908daa000 	C:\Program Files\Android\Android Studio\jbr\bin\jimage.dll
0x00007ff911480000 - 0x00007ff9116c2000 	C:\WINDOWS\SYSTEM32\DBGHELP.DLL
0x00007ff915b30000 - 0x00007ff915eb2000 	C:\WINDOWS\System32\combase.dll
0x00007ff915f00000 - 0x00007ff915fd8000 	C:\WINDOWS\System32\OLEAUT32.dll
0x00007ff8f4e70000 - 0x00007ff8f4eab000 	C:\WINDOWS\SYSTEM32\dbgcore.DLL
0x00007ff914a80000 - 0x00007ff914b25000 	C:\WINDOWS\System32\bcryptPrimitives.dll
0x00007ff90dfa0000 - 0x00007ff90dfae000 	C:\Program Files\Android\Android Studio\jbr\bin\instrument.dll
0x00007ff908d80000 - 0x00007ff908da0000 	C:\Program Files\Android\Android Studio\jbr\bin\java.dll
0x00007ff908830000 - 0x00007ff908848000 	C:\Program Files\Android\Android Studio\jbr\bin\zip.dll
0x00007ff914e50000 - 0x00007ff9155b7000 	C:\WINDOWS\System32\SHELL32.dll
0x00007ff9147a0000 - 0x00007ff91490a000 	C:\WINDOWS\System32\wintypes.dll
0x00007ff913de0000 - 0x00007ff914648000 	C:\WINDOWS\System32\windows.storage.dll
0x00007ff916bd0000 - 0x00007ff916cc8000 	C:\WINDOWS\System32\SHCORE.dll
0x00007ff916b60000 - 0x00007ff916bc6000 	C:\WINDOWS\System32\shlwapi.dll
0x00007ff913590000 - 0x00007ff9135b9000 	C:\WINDOWS\SYSTEM32\profapi.dll
0x00007ff908210000 - 0x00007ff908220000 	C:\Program Files\Android\Android Studio\jbr\bin\net.dll
0x00007ff9095b0000 - 0x00007ff9096dd000 	C:\WINDOWS\SYSTEM32\WINHTTP.dll
0x00007ff912a30000 - 0x00007ff912a9c000 	C:\WINDOWS\system32\mswsock.dll
0x00007ff907aa0000 - 0x00007ff907ab6000 	C:\Program Files\Android\Android Studio\jbr\bin\nio.dll
0x00007ff8d3ad0000 - 0x00007ff8d3ae0000 	C:\Program Files\Android\Android Studio\jbr\bin\verify.dll
0x00007ff8db920000 - 0x00007ff8db947000 	C:\Users\loq\.gradle\native\660c5614fbf4a5f2a75b1949f50a0caf5cd603558e7d8a26e50b933a0cfb79d1\windows-amd64\native-platform.dll
0x00007ff8dbcb0000 - 0x00007ff8dbd27000 	C:\Users\loq\.gradle\native\0.2.8\x86_64-windows-gnu\gradle-fileevents.dll
0x00007ff8dbba0000 - 0x00007ff8dbba9000 	C:\Program Files\Android\Android Studio\jbr\bin\management.dll
0x00007ff8d6760000 - 0x00007ff8d676b000 	C:\Program Files\Android\Android Studio\jbr\bin\management_ext.dll
0x00007ff915a50000 - 0x00007ff915a58000 	C:\WINDOWS\System32\PSAPI.DLL
0x00007ff911e30000 - 0x00007ff911e62000 	C:\WINDOWS\SYSTEM32\IPHLPAPI.DLL
0x00007ff916a10000 - 0x00007ff916a1a000 	C:\WINDOWS\System32\NSI.dll
0x00007ff8dbbb0000 - 0x00007ff8dbbb9000 	C:\Program Files\Android\Android Studio\jbr\bin\extnet.dll
0x00007ff912e30000 - 0x00007ff912e4b000 	C:\WINDOWS\SYSTEM32\CRYPTSP.dll
0x00007ff912440000 - 0x00007ff912479000 	C:\WINDOWS\system32\rsaenh.dll
0x00007ff912ae0000 - 0x00007ff912b13000 	C:\WINDOWS\SYSTEM32\USERENV.dll
0x00007ff913560000 - 0x00007ff91358a000 	C:\WINDOWS\SYSTEM32\bcrypt.dll
0x00007ff912c90000 - 0x00007ff912c9c000 	C:\WINDOWS\SYSTEM32\CRYPTBASE.dll
0x00007ff8f76c0000 - 0x00007ff8f76c8000 	C:\WINDOWS\system32\wshunix.dll
0x00007ff884df0000 - 0x00007ff884f89000 	C:\Program Files\Android\Android Studio\jbr\bin\awt.dll
0x00007ff8f5110000 - 0x00007ff8f5186000 	C:\WINDOWS\SYSTEM32\OLEACC.dll
0x00007ff90e7b0000 - 0x00007ff90e7df000 	C:\WINDOWS\SYSTEM32\dwmapi.dll
0x00007ff8e9990000 - 0x00007ff8e99d4000 	C:\Program Files\Android\Android Studio\jbr\bin\nvdaControllerClient64.dll
0x00007ff90e150000 - 0x00007ff90e1ef000 	C:\WINDOWS\SYSTEM32\apphelp.dll
0x00007ff90e430000 - 0x00007ff90e4d9000 	C:\WINDOWS\system32\uxtheme.dll
0x00007ff9168b0000 - 0x00007ff916a0c000 	C:\WINDOWS\System32\MSCTF.dll
0x00007ff916610000 - 0x00007ff9167a7000 	C:\WINDOWS\System32\ole32.dll
0x00007ff912600000 - 0x00007ff912636000 	C:\WINDOWS\SYSTEM32\ntmarta.dll
0x00007ff90df90000 - 0x00007ff90df97000 	C:\Program Files\Android\Android Studio\jbr\bin\rmi.dll

JVMTI agents:
C:\Users\loq\.gradle\wrapper\dists\gradle-9.3.1-bin\23ovyewtku6u96viwx3xl3oks\gradle-9.3.1\lib\agents\gradle-instrumentation-agent-9.3.1.jar path:C:\Program Files\Android\Android Studio\jbr\bin\instrument.dll, loaded, initialized, instrumentlib options:none

dbghelp: loaded successfully - version: 4.0.5 - missing functions: none
symbol engine: initialized successfully - sym options: 0x614 - pdb path: .;C:\Program Files\Android\Android Studio\jbr\bin;C:\WINDOWS\SYSTEM32;C:\WINDOWS\WinSxS\amd64_microsoft.windows.common-controls_6595b64144ccf1df_6.0.26100.8115_none_3e075c82e3354f9c;C:\Program Files\Android\Android Studio\jbr\bin\server;C:\Users\loq\.gradle\native\660c5614fbf4a5f2a75b1949f50a0caf5cd603558e7d8a26e50b933a0cfb79d1\windows-amd64;C:\Users\loq\.gradle\native\0.2.8\x86_64-windows-gnu

VM Arguments:
jvm_args: --add-opens=java.base/java.lang=ALL-UNNAMED --add-opens=java.base/java.lang.invoke=ALL-UNNAMED --add-opens=java.base/java.util=ALL-UNNAMED --add-opens=java.prefs/java.util.prefs=ALL-UNNAMED --add-exports=jdk.compiler/com.sun.tools.javac.api=ALL-UNNAMED --add-exports=jdk.compiler/com.sun.tools.javac.util=ALL-UNNAMED --add-opens=java.base/java.util=ALL-UNNAMED --add-opens=java.prefs/java.util.prefs=ALL-UNNAMED --add-opens=java.base/java.nio.charset=ALL-UNNAMED --add-opens=java.base/java.net=ALL-UNNAMED --add-opens=java.base/java.util.concurrent=ALL-UNNAMED --add-opens=java.base/java.util.concurrent.atomic=ALL-UNNAMED --add-opens=java.xml/javax.xml.namespace=ALL-UNNAMED --add-opens=java.base/java.time=ALL-UNNAMED -Xmx2048m -Dfile.encoding=UTF-8 -Duser.country=US -Duser.language=en -Duser.variant -javaagent:C:\Users\loq\.gradle\wrapper\dists\gradle-9.3.1-bin\23ovyewtku6u96viwx3xl3oks\gradle-9.3.1\lib\agents\gradle-instrumentation-agent-9.3.1.jar 
java_command: org.gradle.launcher.daemon.bootstrap.GradleDaemon 9.3.1
java_class_path (initial): C:\Users\loq\.gradle\wrapper\dists\gradle-9.3.1-bin\23ovyewtku6u96viwx3xl3oks\gradle-9.3.1\lib\gradle-daemon-main-9.3.1.jar
Launcher Type: SUN_STANDARD

[Global flags]
     intx CICompilerCount                          = 4                                         {product} {ergonomic}
     uint ConcGCThreads                            = 3                                         {product} {ergonomic}
     uint G1ConcRefinementThreads                  = 10                                        {product} {ergonomic}
   size_t G1HeapRegionSize                         = 1048576                                   {product} {ergonomic}
    uintx GCDrainStackTargetSize                   = 64                                        {product} {ergonomic}
   size_t InitialHeapSize                          = 264241152                                 {product} {ergonomic}
   size_t MarkStackSize                            = 4194304                                   {product} {ergonomic}
   size_t MaxHeapSize                              = 2147483648                                {product} {command line}
   size_t MaxNewSize                               = 1287651328                                {product} {ergonomic}
   size_t MinHeapDeltaBytes                        = 1048576                                   {product} {ergonomic}
   size_t MinHeapSize                              = 8388608                                   {product} {ergonomic}
    uintx NonNMethodCodeHeapSize                   = 5839372                                {pd product} {ergonomic}
    uintx NonProfiledCodeHeapSize                  = 122909434                              {pd product} {ergonomic}
    uintx ProfiledCodeHeapSize                     = 122909434                              {pd product} {ergonomic}
    uintx ReservedCodeCacheSize                    = 251658240                              {pd product} {ergonomic}
     bool SegmentedCodeCache                       = true                                      {product} {ergonomic}
   size_t SoftMaxHeapSize                          = 2147483648                             {manageable} {ergonomic}
     bool UseCompressedOops                        = true                           {product lp64_product} {ergonomic}
     bool UseG1GC                                  = true                                      {product} {ergonomic}
     bool UseLargePagesIndividualAllocation        = false                                  {pd product} {ergonomic}

Logging:
Log output configuration:
 #0: stdout all=warning uptime,level,tags foldmultilines=false
 #1: stderr all=off uptime,level,tags foldmultilines=false

Release file:
JAVA_VERSION="21.0.10" 
MODULES="java.base java.compiler java.datatransfer java.xml java.prefs java.desktop java.instrument java.logging java.management java.security.sasl java.naming java.rmi java.management.rmi java.net.http java.scripting java.security.jgss java.transaction.xa java.sql java.sql.rowset java.xml.crypto java.se java.smartcardio jdk.accessibility jdk.internal.jvmstat jdk.attach jdk.charsets jdk.internal.opt jdk.zipfs jdk.compiler jdk.crypto.ec jdk.crypto.cryptoki jdk.dynalink jdk.hotspot.agent jdk.httpserver jdk.internal.ed jdk.internal.le jdk.internal.vm.ci jdk.jartool jdk.javadoc jdk.jcmd jdk.jdeps jdk.jdwp.agent jdk.jdi jdk.jfr jdk.jlink jdk.jsobject jdk.localedata jdk.management jdk.management.agent jdk.management.jfr jdk.naming.dns jdk.naming.rmi jdk.net jdk.sctp jdk.security.auth jdk.security.jgss jdk.unsupported jdk.unsupported.desktop jdk.xml.dom" 
IMPLEMENTOR="JetBrains s.r.o." 
JAVA_RUNTIME_VERSION="21.0.10+-14961533-b1163.108" 
LIBC="default" 
OS_ARCH="x86_64" 
OS_NAME="Windows" 
SOURCE=".:git:1351622c2ff2" 

Environment Variables:
PATH=C:\ProgramData\Oracle\Java\javapath;C:\WINDOWS\system32;C:\WINDOWS;C:\WINDOWS\System32\Wbem;C:\WINDOWS\System32\WindowsPowerShell\v1.0\;C:\WINDOWS\System32\OpenSSH\;C:\Program Files (x86)\NVIDIA Corporation\PhysX\Common;C:\Program Files\NVIDIA Corporation\NVIDIA app\NvDLISR;C:\Program Files (x86)\Windows Kits\10\Windows Performance Toolkit\;E:\Projects\Git\cmd;C:\Program Files\Git\cmd;C:\Users\loq\AppData\Local\Programs\Git\cmd;C:\Program Files\Microsoft SQL Server\150\Tools\Binn\;C:\Program Files\Microsoft SQL Server\Client SDK\ODBC\170\Tools\Binn\;C:\Program Files (x86)\Microsoft SQL Server\160\Tools\Binn\;C:\Program Files\Microsoft SQL Server\160\Tools\Binn\;C:\Program Files\Microsoft SQL Server\160\DTS\Binn\;C:\Program Files\dotnet\;C:\Program Files\Microsoft SQL Server\170\DTS\Binn\;C:\Users\loq\Downloads\Compressed\jdk-24.0.2\bin;C:\MinGW\bin;C:\Users\loq\AppData\Local\Programs\Python\Python313\Scripts\;C:\Program Files\PowerShell\7-preview\preview;C:\Program Files\cloudflared\;C:\Program Files\nodejs\;C:\Program Files\PowerShell\7\;C:\Program Files\MySQL\MySQL Shell 8.0\bin\;C:\Users\loq\AppData\Local\Programs\Python\Python313\Scripts\;C:\Users\loq\AppData\Local\Programs\Python\Python313\;C:\Users\loq\AppData\Local\Microsoft\WindowsApps;C:\Users\loq\AppData\Local\GitHubDesktop\bin;C:\Users\loq\.dotnet\tools;E:\Microsoft VS Code\bin;C:\Program Files\Java\jdk1.8.0_25\bin;C:\Users\loq\AppData\Roaming\npm;C:\Users\loq\AppData\Local\Microsoft\WinGet\Packages\DenoLand.Deno_Microsoft.Winget.Source_8wekyb3d8bbwe;C:\Users\loq\AppData\Local\Microsoft\WinGet\Packages\yt-dlp.FFmpeg_Microsoft.Winget.Source_8wekyb3d8bbwe\ffmpeg-N-121938-g2456a39581-win64-gpl/bin;C:\Users\loq\AppData\Local\Microsoft\WinGet\Packages\yt-dlp.yt-dlp_Microsoft.Winget.Source_8wekyb3d8bbwe;C:\Users\loq\AppData\Local\Programs\Ollama
USERNAME=loq
OS=Windows_NT
PROCESSOR_IDENTIFIER=Intel64 Family 6 Model 151 Stepping 2, GenuineIntel
TMP=C:\Users\loq\AppData\Local\Temp
TEMP=C:\Users\loq\AppData\Local\Temp




Periodic native trim disabled

JNI global refs:
JNI global refs: 55, weak refs: 0

JNI global refs memory usage: 835, weak refs: 833

Process memory usage:
Resident Set Size: 1219736K (7% of 16478072K total physical memory with 904736K free physical memory)

OOME stack traces (most recent first):
Classloader memory used:
Loader java.net.URLClassLoader                                                         : 73782K
Loader org.gradle.internal.classloader.VisitableURLClassLoader                         : 48030K
Loader org.gradle.internal.classloader.VisitableURLClassLoader$InstrumentingVisitableURLClassLoader: 35561K
Loader bootstrap                                                                       : 32791K
Loader org.gradle.initialization.MixInLegacyTypesClassLoader                           : 14389K
Loader jdk.internal.loader.ClassLoaders$AppClassLoader                                 : 7467K
Loader jdk.internal.loader.ClassLoaders$PlatformClassLoader                            : 767K
Loader jdk.internal.reflect.DelegatingClassLoader                                      : 691K
Loader org.gradle.internal.classloader.VisitableURLClassLoader                         : 328K
Loader jdk.internal.jrtfs.JrtFileSystemProvider$JrtFsLoader                            : 324K
Loader org.gradle.groovy.scripts.internal.DefaultScriptCompilationHandler$ScriptClassLoader: 128K

Classes loaded by more than one classloader:
Class Program                                                                         : loaded 5 times (x 72B)
Class com.google.common.base.Equivalence$Identity                                     : loaded 3 times (x 82B)
Class com.google.common.base.PairwiseEquivalence                                      : loaded 3 times (x 83B)
Class kotlin.text.StringsKt__StringsKt                                                : loaded 3 times (x 71B)
Class kotlin.NotImplementedError                                                      : loaded 3 times (x 82B)
Class com.google.common.collect.Iterables                                             : loaded 3 times (x 71B)
Class com.google.common.collect.RegularImmutableSet                                   : loaded 3 times (x 149B)
Class com.google.common.collect.Iterators$MergingIterator                             : loaded 3 times (x 81B)
Class kotlin.coroutines.jvm.internal.DebugProbesKt                                    : loaded 3 times (x 71B)
Class kotlin.coroutines.CoroutineContext                                              : loaded 3 times (x 70B)
Class kotlin.sequences.SequencesKt__SequenceBuilderKt                                 : loaded 3 times (x 71B)
Class kotlin.collections.CollectionsKt                                                : loaded 3 times (x 71B)
Class kotlin.reflect.KMutableProperty2                                                : loaded 3 times (x 70B)
Class com.google.common.base.CharMatcher$IsEither                                     : loaded 3 times (x 111B)
Class com.google.common.collect.ImmutableList$SubList                                 : loaded 3 times (x 209B)
Class kotlin.reflect.KMutableProperty1                                                : loaded 3 times (x 70B)
Class kotlin.jvm.internal.CollectionToArray                                           : loaded 3 times (x 71B)
Class kotlin.collections.CollectionsKt__ReversedViewsKt                               : loaded 3 times (x 71B)
Class kotlin.coroutines.jvm.internal.CoroutineStackFrame                              : loaded 3 times (x 70B)
Class kotlin.coroutines.intrinsics.IntrinsicsKt__IntrinsicsJvmKt                      : loaded 3 times (x 71B)
Class com.google.common.collect.ForwardingObject                                      : loaded 3 times (x 72B)
Class com.google.common.collect.ImmutableSet$SetBuilderImpl                           : loaded 3 times (x 76B)
Class com.google.common.collect.ImmutableEnumSet                                      : loaded 3 times (x 146B)
Class kotlin.reflect.KClassifier                                                      : loaded 3 times (x 70B)
Class kotlin.SafePublicationLazyImpl$Companion                                        : loaded 3 times (x 71B)
Class kotlin.jvm.internal.PropertyReference1Impl                                      : loaded 3 times (x 127B)
Class kotlin.jvm.internal.MutablePropertyReference1                                   : loaded 3 times (x 137B)
Class com.google.common.collect.ImmutableList$1                                       : loaded 3 times (x 97B)
Class kotlin.reflect.KMutableProperty0                                                : loaded 3 times (x 70B)
Class kotlin.coroutines.jvm.internal.SuspendFunction                                  : loaded 3 times (x 70B)
Class kotlin.collections.builders.MapBuilder                                          : loaded 3 times (x 112B)
Class com.google.common.collect.ImmutableList                                         : loaded 3 times (x 206B)
Class com.google.common.collect.RegularImmutableMap                                   : loaded 3 times (x 121B)
Class com.google.common.collect.ImmutableMap$MapViewOfValuesAsSingletonSets           : loaded 3 times (x 126B)
Class com.google.common.collect.ImmutableSet$EmptySetBuilderImpl                      : loaded 3 times (x 76B)
Class com.google.common.collect.Maps$KeySet                                           : loaded 3 times (x 137B)
Class kotlin.coroutines.jvm.internal.SpillingKt                                       : loaded 3 times (x 71B)
Class com.google.common.collect.UnmodifiableListIterator                              : loaded 3 times (x 95B)
Class Build_gradle                                                                    : loaded 3 times (x 126B)
Class kotlin.jvm.internal.markers.KMappedMarker                                       : loaded 3 times (x 70B)
Class [Lkotlin.reflect.KProperty;                                                     : loaded 3 times (x 69B)
Class com.google.common.collect.ImmutableSet$Builder                                  : loaded 3 times (x 85B)
Class com.google.common.base.CharMatcher$InRange                                      : loaded 3 times (x 111B)
Class com.google.common.base.Suppliers                                                : loaded 3 times (x 71B)
Class kotlin.NoWhenBranchMatchedException                                             : loaded 3 times (x 82B)
Class [Lkotlin.reflect.KClass;                                                        : loaded 3 times (x 69B)
Class kotlin.Lazy                                                                     : loaded 3 times (x 70B)
Class kotlin.jvm.functions.Function19                                                 : loaded 3 times (x 70B)
Class com.google.common.collect.ImmutableMapEntrySet$RegularEntrySet                  : loaded 3 times (x 152B)
Class com.google.common.collect.Maps$BiMapConverter                                   : loaded 3 times (x 90B)
Class kotlin.sequences.SequencesKt___SequencesKt                                      : loaded 3 times (x 71B)
Class kotlin.reflect.KMutableProperty$Setter                                          : loaded 3 times (x 70B)
Class kotlin.text.StringsKt__StringBuilderKt                                          : loaded 3 times (x 71B)
Class kotlin.collections.AbstractList$Companion                                       : loaded 3 times (x 71B)
Class kotlin.jvm.internal.CallableReference$NoReceiver                                : loaded 3 times (x 71B)
Class kotlin.jvm.functions.Function18                                                 : loaded 3 times (x 70B)
Class kotlin.collections.ArraysKt__ArraysJVMKt                                        : loaded 3 times (x 71B)
Class [Lcom.google.common.collect.ImmutableMapEntry;                                  : loaded 3 times (x 69B)
Class kotlin.jvm.functions.Function17                                                 : loaded 3 times (x 70B)
Class com.google.common.base.Joiner$2                                                 : loaded 3 times (x 79B)
Class com.google.common.base.CharMatcher$NamedFastMatcher                             : loaded 3 times (x 112B)
Class com.google.common.base.CharMatcher$1                                            : loaded 3 times (x 113B)
Class com.google.common.collect.Maps$IteratorBasedAbstractMap                         : loaded 3 times (x 125B)
Class kotlin.LazyKt                                                                   : loaded 3 times (x 71B)
Class com.google.common.collect.ImmutableEnumMap                                      : loaded 3 times (x 126B)
Class com.google.common.collect.ListMultimap                                          : loaded 3 times (x 70B)
Class kotlin.text.StringsKt__AppendableKt                                             : loaded 3 times (x 71B)
Class kotlin.collections.SetsKt__SetsKt                                               : loaded 3 times (x 71B)
Class com.google.common.collect.PeekingIterator                                       : loaded 3 times (x 70B)
Class com.google.common.collect.Sets$1                                                : loaded 3 times (x 139B)
Class kotlin.jvm.functions.Function16                                                 : loaded 3 times (x 70B)
Class com.google.common.base.Joiner$1                                                 : loaded 3 times (x 80B)
Class kotlin.reflect.KProperty$Accessor                                               : loaded 3 times (x 70B)
Class [Lkotlin.reflect.KCallable;                                                     : loaded 3 times (x 69B)
Class com.google.common.base.CharMatcher                                              : loaded 3 times (x 111B)
Class kotlin.coroutines.EmptyCoroutineContext                                         : loaded 3 times (x 77B)
Class kotlin.collections.ArraysKt                                                     : loaded 3 times (x 71B)
Class kotlin.text.CharsKt__CharKt                                                     : loaded 3 times (x 71B)
Class com.google.common.base.Preconditions                                            : loaded 3 times (x 71B)
Class com.google.common.collect.Hashing                                               : loaded 3 times (x 71B)
Class kotlin.jvm.functions.Function15                                                 : loaded 3 times (x 70B)
Class kotlin.sequences.SequenceScope                                                  : loaded 3 times (x 73B)
Class com.google.common.base.Equivalence$Equals                                       : loaded 3 times (x 82B)
Class kotlin.ranges.RangesKt___RangesKt                                               : loaded 3 times (x 71B)
Class com.google.common.collect.Sets$2                                                : loaded 3 times (x 139B)
Class kotlin.jvm.functions.Function14                                                 : loaded 3 times (x 70B)
Class kotlin.sequences.Sequence                                                       : loaded 3 times (x 70B)
Class kotlin.text.StringsKt__StringNumberConversionsJVMKt                             : loaded 3 times (x 71B)
Class com.google.common.collect.RegularImmutableBiMap                                 : loaded 3 times (x 149B)
Class com.google.common.base.CharMatcher$Negated                                      : loaded 3 times (x 113B)
Class com.google.common.base.CharMatcher$Is                                           : loaded 3 times (x 111B)
Class kotlin.KotlinNullPointerException                                               : loaded 3 times (x 83B)
Class kotlin.jvm.functions.Function13                                                 : loaded 3 times (x 70B)
Class com.google.common.collect.Sets$3                                                : loaded 3 times (x 139B)
Class kotlin.jvm.functions.Function20                                                 : loaded 3 times (x 70B)
Class kotlin.sequences.SequenceBuilderIterator                                        : loaded 3 times (x 85B)
Class kotlin.collections.CollectionsKt__IterablesKt                                   : loaded 3 times (x 71B)
Class kotlin.collections.MapsKt                                                       : loaded 3 times (x 71B)
Class kotlin.jvm.functions.Function12                                                 : loaded 3 times (x 70B)
Class com.google.common.collect.RegularImmutableMap$BucketOverflowException           : loaded 3 times (x 82B)
Class kotlin.coroutines.intrinsics.CoroutineSingletons                                : loaded 3 times (x 79B)
Class com.google.common.collect.Sets$4                                                : loaded 3 times (x 139B)
Class kotlin.jvm.functions.Function21                                                 : loaded 3 times (x 70B)
Class kotlin.jvm.internal.Intrinsics                                                  : loaded 3 times (x 71B)
Class kotlin.collections.EmptyMap                                                     : loaded 3 times (x 108B)
Class kotlin.reflect.KAnnotatedElement                                                : loaded 3 times (x 70B)
Class kotlin.jvm.functions.Function11                                                 : loaded 3 times (x 70B)
Class kotlin.coroutines.intrinsics.IntrinsicsKt                                       : loaded 3 times (x 71B)
Class kotlin.jvm.functions.Function22                                                 : loaded 3 times (x 70B)
Class kotlin.annotation.AnnotationRetention                                           : loaded 3 times (x 79B)
Class kotlin.collections.MapWithDefault                                               : loaded 3 times (x 70B)
Class com.google.common.collect.ImmutableSet$RegularSetBuilderImpl                    : loaded 3 times (x 77B)
Class kotlin.annotation.MustBeDocumented                                              : loaded 3 times (x 70B)
Class [Lkotlin.reflect.KClassifier;                                                   : loaded 3 times (x 69B)
Class [Lkotlin.LazyThreadSafetyMode;                                                  : loaded 3 times (x 69B)
Class kotlin.jvm.functions.Function9                                                  : loaded 3 times (x 70B)
Class kotlin.jvm.functions.Function10                                                 : loaded 3 times (x 70B)
Class kotlin.collections.CollectionsKt__MutableCollectionsJVMKt                       : loaded 3 times (x 71B)
Class kotlin.enums.EnumEntriesKt                                                      : loaded 3 times (x 71B)
Class kotlin.text.StringsKt___StringsKt                                               : loaded 3 times (x 71B)
Class com.google.common.collect.MapDifference                                         : loaded 3 times (x 70B)
Class kotlin.reflect.KTypeParameter                                                   : loaded 3 times (x 70B)
Class kotlin.text.StringsKt__RegexExtensionsJVMKt                                     : loaded 3 times (x 71B)
Class kotlin.collections.ArraysKt___ArraysJvmKt                                       : loaded 3 times (x 71B)
Class kotlin.collections.CollectionsKt__CollectionsKt                                 : loaded 3 times (x 71B)
Class [Lkotlin.annotation.AnnotationRetention;                                        : loaded 3 times (x 69B)
Class kotlin._Assertions                                                              : loaded 3 times (x 71B)
Class kotlin.text.Regex$Companion                                                     : loaded 3 times (x 71B)
Class kotlin.jvm.functions.Function8                                                  : loaded 3 times (x 70B)
Class kotlin.collections.builders.MapBuilder$Companion                                : loaded 3 times (x 71B)
Class kotlin.collections.MapsKt__MapWithDefaultKt                                     : loaded 3 times (x 71B)
Class kotlin.jvm.functions.Function7                                                  : loaded 3 times (x 70B)
Class [Lkotlin.coroutines.intrinsics.CoroutineSingletons;                             : loaded 3 times (x 69B)
Class kotlin.collections.MapsKt___MapsKt                                              : loaded 3 times (x 71B)
Class kotlin.collections.ArraysKt___ArraysKt                                          : loaded 3 times (x 71B)
Class kotlin.jvm.internal.FunctionReference                                           : loaded 3 times (x 122B)
Class kotlin.jvm.internal.FunctionBase                                                : loaded 3 times (x 70B)
Class [Lkotlin.annotation.AnnotationTarget;                                           : loaded 3 times (x 69B)
Class com.google.common.collect.Iterators$ArrayItr                                    : loaded 3 times (x 97B)
Class com.google.common.collect.ImmutableCollection$Builder                           : loaded 3 times (x 76B)
Class kotlin.enums.EnumEntriesList                                                    : loaded 3 times (x 223B)
Class kotlin.jvm.functions.Function6                                                  : loaded 3 times (x 70B)
Class com.google.common.collect.SortedMapDifference                                   : loaded 3 times (x 70B)
Class kotlin.text.StringsKt___StringsJvmKt                                            : loaded 3 times (x 71B)
Class com.google.common.base.Joiner                                                   : loaded 3 times (x 79B)
Class com.google.common.base.MoreObjects                                              : loaded 3 times (x 71B)
Class kotlin.annotation.Retention                                                     : loaded 3 times (x 70B)
Class kotlin.reflect.KDeclarationContainer                                            : loaded 3 times (x 70B)
Class kotlin.collections.CollectionsKt__IteratorsJVMKt                                : loaded 3 times (x 71B)
Class kotlin.jvm.functions.Function5                                                  : loaded 3 times (x 70B)
Class com.google.common.collect.CollectPreconditions                                  : loaded 3 times (x 71B)
Class kotlin.collections.CollectionsKt___CollectionsKt                                : loaded 3 times (x 71B)
Class kotlin.collections.EmptySet                                                     : loaded 3 times (x 122B)
Class kotlin.annotation.Target                                                        : loaded 3 times (x 70B)
Class kotlin.Result                                                                   : loaded 3 times (x 72B)
Class kotlin.reflect.KProperty0                                                       : loaded 3 times (x 70B)
Class com.google.common.collect.Platform                                              : loaded 3 times (x 71B)
Class com.google.common.collect.UnmodifiableIterator                                  : loaded 3 times (x 80B)
Class kotlin.jvm.functions.Function4                                                  : loaded 3 times (x 70B)
Class com.google.common.collect.ImmutableEntry                                        : loaded 3 times (x 82B)
Class com.google.common.base.Ascii                                                    : loaded 3 times (x 71B)
Class [Lcom.google.common.collect.AbstractMapEntry;                                   : loaded 3 times (x 69B)
Class com.google.common.collect.SingletonImmutableBiMap                               : loaded 3 times (x 143B)
Class com.google.common.collect.AbstractMapEntry                                      : loaded 3 times (x 81B)
Class kotlin.reflect.KProperty1                                                       : loaded 3 times (x 70B)
Class kotlin.reflect.KClass                                                           : loaded 3 times (x 70B)
Class kotlin.Pair                                                                     : loaded 3 times (x 72B)
Class com.google.common.collect.Iterators$SingletonIterator                           : loaded 3 times (x 81B)
Class com.google.common.collect.ArrayListMultimap                                     : loaded 3 times (x 172B)
Class kotlin.collections.MapsKt___MapsJvmKt                                           : loaded 3 times (x 71B)
Class kotlin.jvm.functions.Function3                                                  : loaded 3 times (x 70B)
Class com.google.common.base.CharMatcher$NegatedFastMatcher                           : loaded 3 times (x 113B)
Class kotlin.jvm.functions.Function2                                                  : loaded 3 times (x 70B)
Class kotlin.io.CloseableKt                                                           : loaded 3 times (x 71B)
Class com.google.common.collect.Sets$ImprovedAbstractSet                              : loaded 3 times (x 135B)
Class com.google.common.collect.AbstractMultimap                                      : loaded 3 times (x 123B)
Class com.google.common.collect.ImmutableList$Builder                                 : loaded 3 times (x 77B)
Class kotlin.reflect.KProperty2                                                       : loaded 3 times (x 70B)
Class kotlin.collections.CollectionsKt__MutableCollectionsKt                          : loaded 3 times (x 71B)
Class com.google.common.base.Predicate                                                : loaded 3 times (x 70B)
Class com.google.common.collect.ImmutableMap                                          : loaded 3 times (x 120B)
Class kotlin.jvm.functions.Function1                                                  : loaded 3 times (x 70B)
Class com.google.common.collect.Sets                                                  : loaded 3 times (x 71B)
Class kotlin.reflect.KCallable                                                        : loaded 3 times (x 70B)
Class com.google.common.collect.RegularImmutableAsList                                : loaded 3 times (x 217B)
Class com.google.common.base.CharMatcher$FastMatcher                                  : loaded 3 times (x 111B)
Class kotlin.jvm.functions.Function0                                                  : loaded 3 times (x 70B)
Class kotlin.collections.ArraysUtilJVM                                                : loaded 3 times (x 71B)
Class [Lkotlin.DeprecationLevel;                                                      : loaded 3 times (x 69B)
Class com.google.common.collect.Iterators                                             : loaded 3 times (x 71B)
Class kotlin.text.CharsKt                                                             : loaded 3 times (x 71B)
Class kotlin.ranges.RangesKt                                                          : loaded 3 times (x 71B)
Class com.google.common.base.Supplier                                                 : loaded 3 times (x 70B)
Class kotlin.TuplesKt                                                                 : loaded 3 times (x 71B)
Class kotlin.Unit                                                                     : loaded 3 times (x 71B)
Class com.google.common.base.CharMatcher$Or                                           : loaded 3 times (x 112B)
Class kotlin.sequences.SequencesKt___SequencesJvmKt                                   : loaded 3 times (x 71B)
Class kotlin.collections.CollectionsKt___CollectionsJvmKt                             : loaded 3 times (x 71B)
Class com.google.common.collect.ImmutableSet                                          : loaded 3 times (x 145B)
Class kotlin.reflect.KType                                                            : loaded 3 times (x 70B)
Class com.google.common.collect.RegularImmutableMap$Values                            : loaded 3 times (x 207B)
Class com.google.common.base.CharMatcher$BitSetMatcher                                : loaded 3 times (x 112B)
Class kotlin.text.CharsKt__CharJVMKt                                                  : loaded 3 times (x 71B)
Class kotlin.coroutines.jvm.internal.BaseContinuationImpl                             : loaded 3 times (x 87B)
Class kotlin.Result$Companion                                                         : loaded 3 times (x 71B)
Class com.google.common.base.CharMatcher$And                                          : loaded 3 times (x 112B)
Class kotlin.DeprecationLevel                                                         : loaded 3 times (x 79B)
Class com.google.common.collect.AbstractMapBasedMultimap$KeySet$1                     : loaded 3 times (x 82B)
Class kotlin.ranges.RangesKt__RangesKt                                                : loaded 3 times (x 71B)
Class kotlin.collections.EmptyList                                                    : loaded 3 times (x 174B)
Class kotlin.collections.MapsKt__MapsJVMKt                                            : loaded 3 times (x 71B)
Class kotlin.collections.SetsKt___SetsKt                                              : loaded 3 times (x 71B)
Class com.google.common.math.IntMath$1                                                : loaded 3 times (x 71B)
Class kotlin.jvm.internal.ClassBasedDeclarationContainer                              : loaded 3 times (x 70B)
Class kotlin.coroutines.Continuation                                                  : loaded 3 times (x 70B)
Class kotlin.sequences.SequencesKt__SequencesKt                                       : loaded 3 times (x 71B)
Class kotlin.UNINITIALIZED_VALUE                                                      : loaded 3 times (x 71B)
Class kotlin.jvm.internal.ReflectionFactory                                           : loaded 3 times (x 91B)
Class kotlin.collections.builders.ListBuilderKt                                       : loaded 3 times (x 71B)
Class kotlin.LazyKt__LazyKt                                                           : loaded 3 times (x 71B)
Class com.google.common.collect.IndexedImmutableSet                                   : loaded 3 times (x 152B)
Class com.google.common.collect.BiMap                                                 : loaded 3 times (x 70B)
Class com.google.common.collect.ImmutableMap$1                                        : loaded 3 times (x 81B)
Class kotlin.text.StringsKt__StringBuilderJVMKt                                       : loaded 3 times (x 71B)
Class kotlin.text.Regex                                                               : loaded 3 times (x 72B)
Class com.google.common.collect.Sets$SetView                                          : loaded 3 times (x 138B)
Class kotlin.collections.ArrayAsCollection                                            : loaded 3 times (x 105B)
Class kotlin.sequences.SequencesKt__SequenceBuilderKt$sequence$$inlined$Sequence$1    : loaded 3 times (x 75B)
Class kotlin.collections.AbstractCollection                                           : loaded 3 times (x 117B)
Class kotlin.ResultKt                                                                 : loaded 3 times (x 71B)
Class com.google.common.primitives.Ints                                               : loaded 3 times (x 71B)
Class kotlin.collections.AbstractList                                                 : loaded 3 times (x 197B)
Class com.google.common.collect.AbstractIterator                                      : loaded 3 times (x 82B)
Class kotlin.Result$Failure                                                           : loaded 3 times (x 72B)
Class com.google.common.collect.Multiset                                              : loaded 3 times (x 70B)
Class com.google.common.collect.ArrayListMultimapGwtSerializationDependencies         : loaded 3 times (x 172B)
Class kotlin.collections.IndexingIterable                                             : loaded 3 times (x 79B)
Class com.google.common.collect.ObjectArrays                                          : loaded 3 times (x 71B)
Class com.google.common.collect.AbstractIndexedListIterator                           : loaded 3 times (x 96B)
Class com.google.common.math.MathPreconditions                                        : loaded 3 times (x 71B)
Class kotlin.collections.ArraysKt__ArraysKt                                           : loaded 3 times (x 71B)
Class com.google.common.collect.ImmutableMapEntrySet                                  : loaded 3 times (x 152B)
Class com.google.common.collect.Maps$8                                                : loaded 3 times (x 82B)
Class kotlin.coroutines.jvm.internal.RestrictedSuspendLambda                          : loaded 3 times (x 91B)
Class kotlin.sequences.SequencesKt__SequencesJVMKt                                    : loaded 3 times (x 71B)
Class kotlin.collections.SetsKt__SetsJVMKt                                            : loaded 3 times (x 71B)
Class kotlin.Function                                                                 : loaded 3 times (x 70B)
Class kotlin.SynchronizedLazyImpl                                                     : loaded 3 times (x 76B)
Class kotlin.internal.ProgressionUtilKt                                               : loaded 3 times (x 71B)
Class kotlin.text.StringsKt__RegexExtensionsKt                                        : loaded 3 times (x 71B)
Class kotlin.reflect.KMutableProperty                                                 : loaded 3 times (x 70B)
Class kotlin.collections.EmptyIterator                                                : loaded 3 times (x 89B)
Class kotlin.jvm.internal.SpreadBuilder                                               : loaded 3 times (x 76B)
Class kotlin.LazyThreadSafetyMode                                                     : loaded 3 times (x 79B)
Class kotlin.jvm.internal.MutablePropertyReference                                    : loaded 3 times (x 119B)
Class kotlin.jvm.internal.PropertyReference                                           : loaded 3 times (x 115B)
Class kotlin.LazyKt__LazyJVMKt$WhenMappings                                           : loaded 3 times (x 71B)
Class [Lcom.google.common.collect.ImmutableEntry;                                     : loaded 3 times (x 69B)
Class kotlin.jvm.internal.PropertyReference1                                          : loaded 3 times (x 127B)
Class kotlin.jvm.internal.DefaultConstructorMarker                                    : loaded 3 times (x 71B)
Class com.google.common.collect.Maps                                                  : loaded 3 times (x 71B)
Class kotlin.jvm.internal.PropertyReference0                                          : loaded 3 times (x 127B)
Class kotlin.collections.IndexingIterator                                             : loaded 3 times (x 79B)
Class com.google.common.collect.ImmutableMap$Builder                                  : loaded 3 times (x 82B)
Class com.google.common.collect.RegularImmutableList                                  : loaded 3 times (x 213B)
Class com.google.common.collect.IndexedImmutableSet$1                                 : loaded 3 times (x 213B)
Class kotlin.enums.EnumEntries                                                        : loaded 3 times (x 70B)
Class com.google.common.base.Equivalence                                              : loaded 3 times (x 82B)
Class com.google.common.collect.ImmutableMapEntry$NonTerminalImmutableMapEntry        : loaded 3 times (x 85B)
Class com.google.common.base.Function                                                 : loaded 3 times (x 70B)
Class com.google.common.collect.ImmutableMapEntry                                     : loaded 3 times (x 85B)
Class kotlin.jvm.internal.markers.KMutableMap                                         : loaded 3 times (x 70B)
Class com.google.common.math.IntMath                                                  : loaded 3 times (x 71B)
Class kotlin.jvm.internal.CallableReference                                           : loaded 3 times (x 106B)
Class [Lkotlin.reflect.KAnnotatedElement;                                             : loaded 3 times (x 69B)
Class com.google.common.collect.AbstractMapBasedMultimap$KeySet                       : loaded 3 times (x 137B)
Class kotlin.collections.AbstractList$IteratorImpl                                    : loaded 3 times (x 82B)
Class com.google.common.base.CharMatcher$IsNot                                        : loaded 3 times (x 111B)
Class com.google.common.base.CommonPattern                                            : loaded 3 times (x 74B)
Class kotlin.jvm.internal.MutablePropertyReference1Impl                               : loaded 3 times (x 137B)
Class com.google.common.primitives.IntsMethodsForWeb                                  : loaded 3 times (x 71B)
Class kotlin.jvm.KotlinReflectionNotSupportedError                                    : loaded 3 times (x 82B)
Class kotlin.jvm.JvmClassMappingKt                                                    : loaded 3 times (x 71B)
Class kotlin.reflect.KProperty                                                        : loaded 3 times (x 70B)
Class kotlin.jvm.internal.Reflection                                                  : loaded 3 times (x 71B)
Class kotlin.annotation.AnnotationTarget                                              : loaded 3 times (x 79B)
Class com.google.common.collect.Multimap                                              : loaded 3 times (x 70B)
Class kotlin.text.StringsKt__StringNumberConversionsKt                                : loaded 3 times (x 71B)
Class com.google.common.collect.Maps$EntryTransformer                                 : loaded 3 times (x 70B)
Class kotlin.LazyKt__LazyJVMKt                                                        : loaded 3 times (x 71B)
Class kotlin.coroutines.jvm.internal.RestrictedContinuationImpl                       : loaded 3 times (x 87B)
Class kotlin.text.StringsKt                                                           : loaded 3 times (x 71B)
Class kotlin.text.StringsKt__StringsJVMKt                                             : loaded 3 times (x 71B)
Class com.google.common.collect.ImmutableAsList                                       : loaded 3 times (x 209B)
Class com.google.common.collect.Iterators$9                                           : loaded 3 times (x 81B)
Class com.google.common.base.FunctionalEquivalence                                    : loaded 3 times (x 83B)
Class com.google.common.collect.AbstractMapBasedMultimap                              : loaded 3 times (x 139B)
Class com.google.common.collect.SingletonImmutableList                                : loaded 3 times (x 207B)
Class kotlin.text.StringsKt__IndentKt                                                 : loaded 3 times (x 71B)
Class kotlin.collections.SetsKt                                                       : loaded 3 times (x 71B)
Class kotlin.collections.CollectionsKt__IteratorsKt                                   : loaded 3 times (x 71B)
Class com.google.common.collect.RegularImmutableMap$KeySet                            : loaded 3 times (x 152B)
Class com.google.common.collect.ImmutableSet$CachingAsList                            : loaded 3 times (x 148B)
Class kotlin.collections.IndexedValue                                                 : loaded 3 times (x 72B)
Class com.google.common.base.Converter                                                : loaded 3 times (x 90B)
Class kotlin.sequences.SequencesKt                                                    : loaded 3 times (x 71B)
Class com.google.common.base.JdkPattern                                               : loaded 3 times (x 75B)
Class kotlin.collections.CollectionsKt__CollectionsJVMKt                              : loaded 3 times (x 71B)
Class com.google.common.collect.ImmutableCollection                                   : loaded 3 times (x 125B)
Class kotlin.reflect.KFunction                                                        : loaded 3 times (x 70B)
Class com.google.common.collect.ImmutableList$ReverseImmutableList                    : loaded 3 times (x 209B)
Class com.google.common.base.CharMatcher$AnyOf                                        : loaded 3 times (x 112B)
Class com.google.common.base.CharMatcher$ForPredicate                                 : loaded 3 times (x 112B)
Class [Lkotlin.reflect.KDeclarationContainer;                                         : loaded 3 times (x 69B)
Class kotlin.jvm.internal.Lambda                                                      : loaded 3 times (x 75B)
Class kotlin.collections.MapsKt__MapsKt                                               : loaded 3 times (x 71B)
Class kotlin.coroutines.intrinsics.IntrinsicsKt__IntrinsicsKt                         : loaded 3 times (x 71B)
Class com.google.common.collect.ImmutableSet$JdkBackedSetBuilderImpl                  : loaded 3 times (x 76B)
Class com.google.common.collect.Iterators$5                                           : loaded 3 times (x 82B)
Class com.google.common.collect.Iterators$1                                           : loaded 3 times (x 81B)
Class com.google.common.collect.Iterators$4                                           : loaded 3 times (x 82B)
Class kotlin.SafePublicationLazyImpl                                                  : loaded 3 times (x 76B)
Class com.google.common.collect.ImmutableBiMap                                        : loaded 3 times (x 143B)
Class com.google.common.collect.AbstractListMultimap                                  : loaded 3 times (x 172B)
Class com.google.common.collect.ImmutableMap$IteratorBasedImmutableMap                : loaded 3 times (x 126B)
Class kotlin.Metadata                                                                 : loaded 3 times (x 70B)
Class com.google.common.collect.SingletonImmutableSet                                 : loaded 3 times (x 146B)
Class kotlin.UninitializedPropertyAccessException                                     : loaded 3 times (x 82B)
Class kotlin.reflect.KProperty$Getter                                                 : loaded 3 times (x 70B)
Class kotlin.collections.AbstractMutableSet                                           : loaded 2 times (x 142B)
Class com.google.devtools.ksp.processing.KSPJvmConfig                                 : loaded 2 times (x 72B)
Class com.google.common.cache.LocalCache$ComputingValueReference                      : loaded 2 times (x 96B)
Class com.google.common.collect.AbstractMapBasedMultimap$AsMap$AsMapEntries           : loaded 2 times (x 138B)
Class kotlin.properties.Delegates                                                     : loaded 2 times (x 71B)
Class jdk.internal.jimage.ImageReader                                                 : loaded 2 times (x 75B)
Class com.google.common.cache.LocalCache$Segment                                      : loaded 2 times (x 154B)
Class com.google.common.collect.SortedIterable                                        : loaded 2 times (x 70B)
Class com.google.common.base.Suppliers$SupplierOfInstance                             : loaded 2 times (x 79B)
Class org.objectweb.asm.Edge                                                          : loaded 2 times (x 72B)
Class kotlin.jvm.internal.markers.KMutableMap$Entry                                   : loaded 2 times (x 70B)
Class kotlin.reflect.jvm.internal.ReflectProperties                                   : loaded 2 times (x 71B)
Class jdk.internal.jimage.ImageStringsReader                                          : loaded 2 times (x 80B)
Class jdk.internal.jimage.ImageReader$SharedImageReader                               : loaded 2 times (x 95B)
Class kotlin.time.DurationJvmKt                                                       : loaded 2 times (x 71B)
Class [Lorg.objectweb.asm.SymbolTable$Entry;                                          : loaded 2 times (x 69B)
Class com.google.common.cache.CacheLoader                                             : loaded 2 times (x 74B)
Class org.gradle.api.internal.classpath.ModuleRegistry                                : loaded 2 times (x 70B)
Class org.gradle.internal.installation.GradleInstallation$1                           : loaded 2 times (x 75B)
Class com.google.common.base.Splitter$SplittingIterator                               : loaded 2 times (x 84B)
Class [Lcom.google.common.base.CaseFormat;                                            : loaded 2 times (x 69B)
Class org.objectweb.asm.SymbolTable$Entry                                             : loaded 2 times (x 74B)
Class jdk.internal.jimage.decompressor.ResourceDecompressorFactory                    : loaded 2 times (x 74B)
Class com.google.devtools.ksp.processing.KSPLogger                                    : loaded 2 times (x 70B)
Class com.google.common.util.concurrent.internal.InternalFutureFailureAccess          : loaded 2 times (x 72B)
Class kotlin.time.DurationUnitKt__DurationUnitKt                                      : loaded 2 times (x 71B)
Class com.google.common.collect.Sets$1$1                                              : loaded 2 times (x 82B)
Class com.google.common.collect.ImmutableMultimap$Values                              : loaded 2 times (x 126B)
Class com.google.common.collect.Iterators$6                                           : loaded 2 times (x 81B)
Class kotlin.reflect.jvm.internal.KDeclarationContainerImpl                           : loaded 2 times (x 84B)
Class kotlin.time.Duration$Companion                                                  : loaded 2 times (x 71B)
Class com.google.common.collect.HashBiMap$Inverse                                     : loaded 2 times (x 142B)
Class com.google.common.cache.LocalCache$LocalManualCache$1                           : loaded 2 times (x 75B)
Class kotlin.collections.ArrayDeque                                                   : loaded 2 times (x 207B)
Class [Lkotlin.reflect.jvm.internal.impl.name.FqName;                                 : loaded 2 times (x 69B)
Class kotlin.reflect.jvm.internal.KPackageImpl                                        : loaded 2 times (x 85B)
Class jdk.internal.jimage.ImageReader$Node                                            : loaded 2 times (x 84B)
Class kotlin.io.FilesKt__UtilsKt                                                      : loaded 2 times (x 71B)
Class org.gradle.api.internal.classpath.DefaultModuleRegistry                         : loaded 2 times (x 86B)
Class com.google.common.base.Equivalence$Wrapper                                      : loaded 2 times (x 72B)
Class com.google.common.collect.LinkedHashMultimap$ValueSetLink                       : loaded 2 times (x 70B)
Class org.gradle.internal.classpath.ClassPath                                         : loaded 2 times (x 70B)
Class Settings_gradle$1                                                               : loaded 2 times (x 74B)
Class kotlin.reflect.jvm.internal.impl.name.SpecialNames                              : loaded 2 times (x 71B)
Class com.google.common.cache.CacheBuilder                                            : loaded 2 times (x 72B)
Class kotlin.time.DurationUnit                                                        : loaded 2 times (x 79B)
Class jdk.internal.jimage.BasicImageReader$1                                          : loaded 2 times (x 77B)
Class kotlin.KotlinVersionCurrentValue                                                : loaded 2 times (x 71B)
Class kotlin.collections.builders.MapBuilder$Itr                                      : loaded 2 times (x 72B)
Class com.google.common.collect.Lists                                                 : loaded 2 times (x 71B)
Class com.google.common.util.concurrent.ListenableFuture                              : loaded 2 times (x 70B)
Class com.google.common.cache.ReferenceEntry                                          : loaded 2 times (x 70B)
Class com.google.common.base.Functions$ConstantFunction                               : loaded 2 times (x 84B)
Class com.google.common.base.ExtraObjectsMethodsForWeb                                : loaded 2 times (x 71B)
Class kotlin.jvm.internal.TypeIntrinsics                                              : loaded 2 times (x 71B)
Class kotlin.collections.IntIterator                                                  : loaded 2 times (x 82B)
Class jdk.internal.jimage.decompressor.ResourceDecompressor                           : loaded 2 times (x 70B)
Class kotlin.reflect.jvm.internal.impl.resolve.jvm.JvmPrimitiveType                   : loaded 2 times (x 79B)
Class kotlin.jvm.internal.markers.KMutableSet                                         : loaded 2 times (x 70B)
Class com.google.common.util.concurrent.AbstractFuture                                : loaded 2 times (x 106B)
Class com.google.common.collect.NullnessCasts                                         : loaded 2 times (x 71B)
Class com.google.common.base.CaseFormat$StringConverter                               : loaded 2 times (x 90B)
Class com.google.common.collect.ImmutableMultiset                                     : loaded 2 times (x 163B)
Class org.gradle.internal.classpath.DefaultClassPath$ImmutableUniqueList              : loaded 2 times (x 199B)
Class kotlin.coroutines.CoroutineContext$Key                                          : loaded 2 times (x 70B)
Class org.objectweb.asm.RecordComponentVisitor                                        : loaded 2 times (x 77B)
Class com.google.common.cache.CacheLoader$SupplierToCacheLoader                       : loaded 2 times (x 75B)
Class org.gradle.api.internal.ClassPathRegistry                                       : loaded 2 times (x 70B)
Class kotlin.ranges.ClosedRange                                                       : loaded 2 times (x 70B)
Class jdk.internal.jimage.decompressor.Decompressor                                   : loaded 2 times (x 72B)
Class kotlin.reflect.jvm.internal.KPropertyImpl                                       : loaded 2 times (x 115B)
Class [Lkotlin.Pair;                                                                  : loaded 2 times (x 69B)
Class kotlin.jvm.internal.markers.KMutableList                                        : loaded 2 times (x 70B)
Class kotlin.io.FilesKt__FileReadWriteKt                                              : loaded 2 times (x 71B)
Class org.gradle.internal.service.ServiceLookupException                              : loaded 2 times (x 82B)
Class com.google.common.collect.ImmutableMultimap$Keys                                : loaded 2 times (x 166B)
Class com.google.common.collect.ImmutableSortedSet                                    : loaded 2 times (x 300B)
Class jdk.internal.jrtfs.JrtFileAttributes                                            : loaded 2 times (x 83B)
Class kotlin.sequences.SequencesKt___SequencesKt$sortedWith$1                         : loaded 2 times (x 75B)
Class [Lkotlin.sequences.Sequence;                                                    : loaded 2 times (x 69B)
Class com.google.common.collect.Lists$ReverseList                                     : loaded 2 times (x 200B)
Class [Lcom.google.common.cache.LocalCache$EntryFactory;                              : loaded 2 times (x 69B)
Class org.gradle.internal.classloader.ClassLoaderFactory                              : loaded 2 times (x 70B)
Class com.google.common.collect.Maps$EntryFunction$2                                  : loaded 2 times (x 91B)
Class com.google.common.collect.Maps$FilteredEntryMap$EntrySet$1                      : loaded 2 times (x 82B)
Class kotlin.reflect.jvm.internal.impl.builtins.PrimitiveType                         : loaded 2 times (x 79B)
Class com.google.common.cache.LocalCache$LocalManualCache                             : loaded 2 times (x 99B)
Class org.gradle.internal.service.CachingServiceLocator                               : loaded 2 times (x 82B)
Class com.google.common.collect.LinkedHashMultimap$ValueEntry                         : loaded 2 times (x 89B)
Class org.gradle.api.internal.DefaultClassPathRegistry                                : loaded 2 times (x 76B)
Class com.google.common.collect.RegularImmutableSortedSet                             : loaded 2 times (x 300B)
Class com.google.common.cache.RemovalListener                                         : loaded 2 times (x 70B)
Class kotlin.reflect.jvm.internal.ReflectProperties$LazySoftVal                       : loaded 2 times (x 78B)
Class kotlin.reflect.jvm.internal.impl.builtins.StandardNames                         : loaded 2 times (x 71B)
Class [Lkotlin.reflect.jvm.internal.impl.builtins.PrimitiveType;                      : loaded 2 times (x 69B)
Class com.google.common.base.Present                                                  : loaded 2 times (x 81B)
Class kotlin.reflect.jvm.internal.impl.descriptors.runtime.structure.ReflectClassUtilKt: loaded 2 times (x 71B)
Class kotlin.properties.ReadOnlyProperty                                              : loaded 2 times (x 70B)
Class kotlin.ranges.IntRange                                                          : loaded 2 times (x 93B)
Class [Lcom.google.common.collect.HashBiMap$BiEntry;                                  : loaded 2 times (x 69B)
Class com.google.common.base.Predicates                                               : loaded 2 times (x 71B)
Class com.google.common.collect.ImmutableMultimap                                     : loaded 2 times (x 147B)
Class com.google.common.collect.LinkedHashMultimap                                    : loaded 2 times (x 175B)
Class com.google.common.collect.Maps$TransformedEntriesMap                            : loaded 2 times (x 127B)
Class com.google.common.collect.AbstractMapBasedMultimap$WrappedCollection$WrappedIterator: loaded 2 times (x 84B)
Class com.google.common.collect.AbstractMapBasedMultimap$AsMap$AsMapIterator          : loaded 2 times (x 83B)
Class com.google.common.collect.Maps$EntryFunction$1                                  : loaded 2 times (x 91B)
Class com.google.common.util.concurrent.AbstractFuture$Cancellation                   : loaded 2 times (x 72B)
Class kotlin.jvm.internal.markers.KMutableListIterator                                : loaded 2 times (x 70B)
Class com.google.common.cache.CacheBuilder$OneWeigher                                 : loaded 2 times (x 82B)
Class com.google.common.collect.Maps$EntryFunction                                    : loaded 2 times (x 91B)
Class kotlin.reflect.jvm.internal.KDeclarationContainerImpl$Companion                 : loaded 2 times (x 71B)
Class jdk.internal.jimage.ImageBufferCache                                            : loaded 2 times (x 71B)
Class jdk.internal.jrtfs.JrtPath                                                      : loaded 2 times (x 118B)
Class org.gradle.internal.classloader.ClasspathUtil                                   : loaded 2 times (x 71B)
Class com.google.common.collect.AbstractMultimap$Entries                              : loaded 2 times (x 120B)
Class kotlin.sequences.EmptySequence                                                  : loaded 2 times (x 78B)
Class kotlin.io.FileSystemException                                                   : loaded 2 times (x 82B)
Class kotlin.collections.builders.SetBuilder                                          : loaded 2 times (x 143B)
Class com.google.common.util.concurrent.Uninterruptibles                              : loaded 2 times (x 71B)
Class com.google.common.collect.AbstractMapBasedMultimap$WrappedSet                   : loaded 2 times (x 142B)
Class com.google.common.base.NullnessCasts                                            : loaded 2 times (x 71B)
Class kotlin.reflect.full.IllegalCallableAccessException                              : loaded 2 times (x 82B)
Class com.google.common.cache.Cache                                                   : loaded 2 times (x 70B)
Class com.google.common.cache.LocalCache$Strength                                     : loaded 2 times (x 81B)
Class com.google.common.util.concurrent.LazyLogger                                    : loaded 2 times (x 72B)
Class org.gradle.api.specs.Spec                                                       : loaded 2 times (x 70B)
Class com.google.common.base.Stopwatch                                                : loaded 2 times (x 72B)
Class jdk.internal.jimage.ImageHeader                                                 : loaded 2 times (x 71B)
Class org.gradle.api.internal.classpath.UnknownModuleException                        : loaded 2 times (x 82B)
Class kotlin.jvm.internal.PropertyReference2                                          : loaded 2 times (x 127B)
Class jdk.internal.jimage.ImageReader$SharedImageReader$LocationVisitor               : loaded 2 times (x 70B)
Class kotlin.UnsafeLazyImpl                                                           : loaded 2 times (x 76B)
Class com.google.common.collect.Sets$3$1                                              : loaded 2 times (x 82B)
Class [Lkotlin.reflect.jvm.internal.impl.builtins.jvm.JavaToKotlinClassMap$PlatformMutabilityMapping;: loaded 2 times (x 69B)
Class com.google.common.cache.Weigher                                                 : loaded 2 times (x 70B)
Class kotlin.reflect.full.IllegalPropertyDelegateAccessException                      : loaded 2 times (x 82B)
Class kotlin.jvm.internal.ArrayIterator                                               : loaded 2 times (x 79B)
Class com.google.common.cache.LocalCache$LoadingValueReference                        : loaded 2 times (x 96B)
Class com.google.common.collect.AbstractMapBasedMultimap$AsMap                        : loaded 2 times (x 128B)
Class com.google.common.collect.CollectSpliterators                                   : loaded 2 times (x 71B)
Class com.google.common.collect.Multimaps$Entries                                     : loaded 2 times (x 118B)
Class kotlin.io.FileAlreadyExistsException                                            : loaded 2 times (x 82B)
Class kotlin.KotlinVersion                                                            : loaded 2 times (x 74B)
Class kotlin.collections.MapWithDefaultImpl                                           : loaded 2 times (x 125B)
Class kotlin.reflect.jvm.internal.KClassifierImpl                                     : loaded 2 times (x 70B)
Class org.gradle.api.internal.classpath.Module                                        : loaded 2 times (x 70B)
Class jdk.internal.jimage.decompressor.ResourceDecompressorRepository                 : loaded 2 times (x 71B)
Class com.google.common.base.Platform                                                 : loaded 2 times (x 71B)
Class dagger.hilt.processor.internal.optionvalues.GradleProjectType                   : loaded 2 times (x 79B)
Class kotlin.reflect.jvm.internal.KotlinReflectionInternalError                       : loaded 2 times (x 82B)
Class com.google.common.collect.AbstractMapBasedMultimap$WrappedList                  : loaded 2 times (x 205B)
Class kotlin.reflect.jvm.internal.impl.builtins.jvm.JavaToKotlinClassMap              : loaded 2 times (x 71B)
Class com.google.devtools.ksp.symbol.KSNode                                           : loaded 2 times (x 70B)
Class com.google.common.base.Absent                                                   : loaded 2 times (x 80B)
Class org.gradle.api.internal.classpath.DefaultModuleRegistry$DefaultModule           : loaded 2 times (x 86B)
Class jdk.internal.jimage.ImageReader$Directory                                       : loaded 2 times (x 84B)
Class kotlin.io.FilePathComponents                                                    : loaded 2 times (x 72B)
Class com.google.devtools.ksp.processing.KspGradleLogger$Companion                    : loaded 2 times (x 71B)
Class [Lorg.objectweb.asm.AnnotationWriter;                                           : loaded 2 times (x 69B)
Class ijJvmDebugger1_dd9476fws5ghkmyjhzq8c3lvu                                        : loaded 2 times (x 171B)
Class com.google.common.base.Predicates$CompositionPredicate                          : loaded 2 times (x 88B)
Class org.objectweb.asm.FieldVisitor                                                  : loaded 2 times (x 77B)
Class com.google.common.collect.Maps$9                                                : loaded 2 times (x 76B)
Class com.google.common.base.Objects                                                  : loaded 2 times (x 71B)
Class kotlin.coroutines.ContinuationKt                                                : loaded 2 times (x 71B)
Class [Lcom.google.common.collect.Iterators$EmptyModifiableIterator;                  : loaded 2 times (x 69B)
Class jdk.internal.jimage.ImageBufferCache$2                                          : loaded 2 times (x 91B)
Class kotlin.reflect.jvm.internal.impl.builtins.StandardNames$FqNames                 : loaded 2 times (x 71B)
Class com.google.common.collect.AbstractMapBasedMultimap$Itr                          : loaded 2 times (x 83B)
Class kotlin.Triple                                                                   : loaded 2 times (x 72B)
Class com.google.common.collect.Lists$ReverseList$1                                   : loaded 2 times (x 99B)
Class com.google.common.cache.LocalCache$StrongValueReference                         : loaded 2 times (x 90B)
Class com.google.common.graph.SuccessorsFunction                                      : loaded 2 times (x 70B)
Class org.gradle.internal.classloader.ClasspathUtil$1                                 : loaded 2 times (x 76B)
Class com.google.common.cache.CacheLoader$UnsupportedLoadingOperationException        : loaded 2 times (x 82B)
Class kotlin.jvm.internal.Ref$ObjectRef                                               : loaded 2 times (x 72B)
Class org.objectweb.asm.Type                                                          : loaded 2 times (x 72B)
Class org.gradle.internal.classloader.VisitableURLClassLoader$InstrumentingVisitableURLClassLoader: loaded 2 times (x 123B)
Class com.google.common.collect.Maps$FilteredEntryMap$EntrySet                        : loaded 2 times (x 152B)
Class org.objectweb.asm.ClassWriter                                                   : loaded 2 times (x 106B)
Class kotlin.collections.builders.SetBuilder$Companion                                : loaded 2 times (x 71B)
Class [Lkotlin.reflect.jvm.internal.impl.resolve.jvm.JvmPrimitiveType;                : loaded 2 times (x 69B)
Class kotlin.time.DurationUnitKt__DurationUnitJvmKt                                   : loaded 2 times (x 71B)
Class kotlin.collections.ArraysKt___ArraysKt$asSequence$$inlined$Sequence$1           : loaded 2 times (x 75B)
Class jdk.internal.jimage.ImageBufferCache$1                                          : loaded 2 times (x 83B)
Class kotlin.reflect.jvm.internal.ReflectionFactoryImpl                               : loaded 2 times (x 91B)
Class kotlin.comparisons.ComparisonsKt__ComparisonsKt                                 : loaded 2 times (x 71B)
Class org.objectweb.asm.ByteVector                                                    : loaded 2 times (x 79B)
Class [Lcom.google.common.cache.CacheBuilder$NullListener;                            : loaded 2 times (x 69B)
Class org.gradle.internal.classloader.VisitableURLClassLoader$Spec                    : loaded 2 times (x 74B)
Class org.gradle.internal.classpath.DefaultClassPath                                  : loaded 2 times (x 90B)
Class com.google.common.collect.ImmutableBiMap$Builder                                : loaded 2 times (x 82B)
Class com.google.common.collect.HashMultimapGwtSerializationDependencies              : loaded 2 times (x 174B)
Class com.google.common.base.AbstractIterator                                         : loaded 2 times (x 80B)
Class kotlin.io.FileTreeWalk$FileTreeWalkIterator$WhenMappings                        : loaded 2 times (x 71B)
Class jdk.internal.jimage.decompressor.ZipDecompressorFactory                         : loaded 2 times (x 74B)
Class kotlin.comparisons.ComparisonsKt                                                : loaded 2 times (x 71B)
Class kotlin.comparisons.ComparisonsKt___ComparisonsKt                                : loaded 2 times (x 71B)
Class kotlin.sequences.FilteringSequence                                              : loaded 2 times (x 75B)
Class com.google.devtools.ksp.processing.KspGradleLogger                              : loaded 2 times (x 79B)
Class org.objectweb.asm.Symbol                                                        : loaded 2 times (x 73B)
Class com.google.common.collect.Sets$FilteredSet                                      : loaded 2 times (x 137B)
Class kotlin.collections.builders.MapBuilder$EntriesItr                               : loaded 2 times (x 81B)
Class org.gradle.kotlin.dsl.VersionCatalogAccessorsKt                                 : loaded 2 times (x 71B)
Class com.google.common.util.concurrent.UncheckedExecutionException                   : loaded 2 times (x 82B)
Class com.google.common.collect.Lists$StringAsImmutableList                           : loaded 2 times (x 207B)
Class org.gradle.internal.classloader.ClassLoaderSpec                                 : loaded 2 times (x 71B)
Class kotlin.reflect.jvm.internal.ReflectProperties$Val$1                             : loaded 2 times (x 71B)
Class kotlin.text.DelimitedRangesSequence$iterator$1                                  : loaded 2 times (x 79B)
Class kotlin.jvm.internal.FunctionReferenceImpl                                       : loaded 2 times (x 122B)
Class kotlin.text.DelimitedRangesSequence                                             : loaded 2 times (x 75B)
Class org.objectweb.asm.AnnotationWriter                                              : loaded 2 times (x 79B)
Class com.google.common.cache.CacheStats                                              : loaded 2 times (x 71B)
Class ijKotlinCoroutineJvmDebugInit1_dr5rl83ekjus9wg5ng7m2936$_run_closure1$_closure2 : loaded 2 times (x 139B)
Class kotlin.coroutines.ContinuationInterceptor$Key                                   : loaded 2 times (x 71B)
Class jdk.internal.jrtfs.JrtDirectoryStream$1                                         : loaded 2 times (x 83B)
Class jdk.internal.jimage.ImageLocation                                               : loaded 2 times (x 90B)
Class com.google.common.collect.ImmutableMultisetGwtSerializationDependencies         : loaded 2 times (x 125B)
Class com.google.common.collect.AbstractMapBasedMultimap$2                            : loaded 2 times (x 85B)
Class kotlin.reflect.jvm.internal.KMutableProperty1Impl                               : loaded 2 times (x 135B)
Class kotlin.time.DurationKt                                                          : loaded 2 times (x 71B)
Class kotlin.jdk7.AutoCloseableKt                                                     : loaded 2 times (x 71B)
Class kotlin.jvm.internal.markers.KMutableIterable                                    : loaded 2 times (x 70B)
Class org.objectweb.asm.RecordComponentWriter                                         : loaded 2 times (x 78B)
Class com.google.common.util.concurrent.AbstractFuture$Listener                       : loaded 2 times (x 72B)
Class Settings_gradle$1$1                                                             : loaded 2 times (x 74B)
Class com.google.common.collect.ForwardingSet                                         : loaded 2 times (x 151B)
Class com.google.common.util.concurrent.AbstractFuture$Trusted                        : loaded 2 times (x 70B)
Class kotlin.collections.AbstractIterator                                             : loaded 2 times (x 83B)
Class kotlin.io.FileTreeWalk$DirectoryState                                           : loaded 2 times (x 73B)
Class org.objectweb.asm.Attribute                                                     : loaded 2 times (x 77B)
Class org.gradle.internal.classloader.VisitableURLClassLoader                         : loaded 2 times (x 117B)
Class com.google.common.base.Optional                                                 : loaded 2 times (x 80B)
Class kotlin.reflect.jvm.internal.KClassImpl                                          : loaded 2 times (x 115B)
Class kotlin.coroutines.CoroutineContext$Element                                      : loaded 2 times (x 70B)
Class kotlin.io.FilesKt__FilePathComponentsKt                                         : loaded 2 times (x 71B)
Class kotlin.sequences.GeneratorSequence                                              : loaded 2 times (x 75B)
Class kotlin.sequences.FlatteningSequence$iterator$1                                  : loaded 2 times (x 79B)
Class Settings_gradle                                                                 : loaded 2 times (x 124B)
Class org.gradle.internal.Cast                                                        : loaded 2 times (x 71B)
Class org.gradle.api.Action                                                           : loaded 2 times (x 70B)
Class kotlin.io.TerminateException                                                    : loaded 2 times (x 82B)
Class kotlin.reflect.jvm.internal.impl.utils.CollectionsKt                            : loaded 2 times (x 71B)
Class kotlin.streams.jdk8.StreamsKt                                                   : loaded 2 times (x 71B)
Class jdk.internal.jimage.decompressor.ZipDecompressor                                : loaded 2 times (x 75B)
Class kotlin.properties.ReadWriteProperty                                             : loaded 2 times (x 70B)
Class kotlin.collections.AbstractMutableList                                          : loaded 2 times (x 206B)
Class com.google.common.collect.HashBiMap                                             : loaded 2 times (x 143B)
Class com.google.common.base.Strings                                                  : loaded 2 times (x 71B)
Class org.objectweb.asm.Handler                                                       : loaded 2 times (x 72B)
Class com.google.common.base.Ticker                                                   : loaded 2 times (x 72B)
Class com.google.common.collect.ImmutableSortedSet$Builder                            : loaded 2 times (x 86B)
Class com.google.common.base.Functions                                                : loaded 2 times (x 71B)
Class com.google.common.cache.LocalCache$2                                            : loaded 2 times (x 142B)
Class kotlin.sequences.GeneratorSequence$iterator$1                                   : loaded 2 times (x 79B)
Class com.google.common.collect.AbstractSetMultimap                                   : loaded 2 times (x 174B)
Class kotlin.jvm.internal.markers.KMutableIterator                                    : loaded 2 times (x 70B)
Class kotlin.KotlinNothingValueException                                              : loaded 2 times (x 82B)
Class com.google.devtools.ksp.processing.KSPConfig                                    : loaded 2 times (x 72B)
Class [Lcom.google.common.cache.LocalCache$Segment;                                   : loaded 2 times (x 69B)
Class [Lcom.google.common.cache.LocalCache$Strength;                                  : loaded 2 times (x 69B)
Class com.google.common.cache.CacheBuilder$1                                          : loaded 2 times (x 85B)
Class org.gradle.internal.classpath.DefaultClassPath$ImmutableUniqueList$Builder      : loaded 2 times (x 75B)
Class com.google.common.cache.LocalCache$1                                            : loaded 2 times (x 89B)
Class com.google.common.collect.HashBiMap$BiEntry                                     : loaded 2 times (x 83B)
Class kotlin.reflect.jvm.internal.KDeclarationContainerImpl$Data                      : loaded 2 times (x 72B)
Class kotlin.sequences.TransformingSequence$iterator$1                                : loaded 2 times (x 79B)
Class kotlin.io.FileTreeWalk$WalkState                                                : loaded 2 times (x 73B)
Class com.google.common.cache.LocalCache                                              : loaded 2 times (x 187B)
Class com.google.common.cache.CacheBuilder$2                                          : loaded 2 times (x 79B)
Class jdk.internal.jrtfs.JrtFileSystemProvider                                        : loaded 2 times (x 101B)
Class com.google.common.collect.Iterators$ConcatenatedIterator                        : loaded 2 times (x 82B)
Class org.gradle.internal.service.ServiceLocator                                      : loaded 2 times (x 70B)
Class kotlin.reflect.jvm.internal.impl.builtins.PrimitiveType$Companion               : loaded 2 times (x 71B)
Class [Lorg.objectweb.asm.Type;                                                       : loaded 2 times (x 69B)
Class kotlin.reflect.jvm.internal.KClassImpl$Data                                     : loaded 2 times (x 72B)
Class kotlin.collections.builders.ListBuilder                                         : loaded 2 times (x 207B)
Class kotlin.collections.builders.ListBuilder$Companion                               : loaded 2 times (x 71B)
Class kotlin.collections.builders.AbstractMapBuilderEntrySet                          : loaded 2 times (x 144B)
Class com.google.common.cache.CacheBuilder$3                                          : loaded 2 times (x 72B)
Class org.gradle.api.GradleException                                                  : loaded 2 times (x 82B)
Class com.google.common.base.Suppliers$MemoizingSupplier                              : loaded 2 times (x 79B)
Class kotlin.comparisons.ComparisonsKt___ComparisonsJvmKt                             : loaded 2 times (x 71B)
Class jdk.internal.jrtfs.SystemImage$2                                                : loaded 2 times (x 76B)
Class kotlin.reflect.jvm.internal.impl.name.FqNamesUtilKt                             : loaded 2 times (x 71B)
Class com.google.common.collect.BaseImmutableMultimap                                 : loaded 2 times (x 123B)
Class com.google.common.collect.EmptyImmutableListMultimap                            : loaded 2 times (x 176B)
Class jdk.internal.jimage.ImageStrings                                                : loaded 2 times (x 70B)
Class com.google.common.collect.Maps$AbstractFilteredMap                              : loaded 2 times (x 127B)
Class com.google.common.cache.CacheLoader$FunctionToCacheLoader                       : loaded 2 times (x 75B)
Class jdk.internal.jrtfs.SystemImage$1                                                : loaded 2 times (x 78B)
Class kotlin.reflect.jvm.internal.KTypeParameterOwnerImpl                             : loaded 2 times (x 70B)
Class com.google.common.collect.ImmutableListMultimap                                 : loaded 2 times (x 176B)
Class com.google.common.collect.Maps$IteratorBasedAbstractMap$1                       : loaded 2 times (x 138B)
Class kotlin.io.FilesKt                                                               : loaded 2 times (x 71B)
Class org.gradle.internal.classloader.InstrumentingClassLoader                        : loaded 2 times (x 70B)
Class kotlin.reflect.jvm.internal.impl.name.Name                                      : loaded 2 times (x 75B)
Class kotlin.reflect.jvm.internal.KPropertyImpl$Companion                             : loaded 2 times (x 71B)
Class org.gradle.internal.classpath.TransformedClassPath                              : loaded 2 times (x 96B)
Class [Lkotlin.time.DurationUnit;                                                     : loaded 2 times (x 69B)
Class kotlin.sequences.SequencesKt___SequencesKt$asIterable$$inlined$Iterable$1       : loaded 2 times (x 79B)
Class com.google.common.cache.LocalCache$EntryFactory                                 : loaded 2 times (x 83B)
Class com.google.common.cache.CacheBuilder$NullListener                               : loaded 2 times (x 82B)
Class org.objectweb.asm.FieldWriter                                                   : loaded 2 times (x 78B)
Class kotlin.reflect.jvm.internal.impl.name.FqNameUnsafe                              : loaded 2 times (x 72B)
Class com.google.common.cache.LocalCache$Strength$3                                   : loaded 2 times (x 81B)
Class com.google.common.collect.TransformedIterator                                   : loaded 2 times (x 80B)
Class com.google.common.base.CaseFormat$5                                             : loaded 2 times (x 83B)
Class com.google.common.base.Splitter$1                                               : loaded 2 times (x 77B)
Class com.google.common.cache.LocalCache$AbstractReferenceEntry                       : loaded 2 times (x 107B)
Class org.gradle.internal.IoActions                                                   : loaded 2 times (x 71B)
Class com.google.common.collect.ImmutableMapKeySet                                    : loaded 2 times (x 152B)
Class [Lcom.google.common.collect.Maps$EntryFunction;                                 : loaded 2 times (x 69B)
Class com.google.common.cache.LocalCache$Strength$2                                   : loaded 2 times (x 81B)
Class com.google.common.util.concurrent.SettableFuture                                : loaded 2 times (x 114B)
Class kotlin.coroutines.jvm.internal.ContinuationImpl                                 : loaded 2 times (x 87B)
Class kotlin.reflect.jvm.internal.EmptyContainerForLocal                              : loaded 2 times (x 84B)
Class com.google.devtools.ksp.symbol.KSAnnotated                                      : loaded 2 times (x 70B)
Class kotlin.coroutines.jvm.internal.SuspendLambda                                    : loaded 2 times (x 91B)
Class kotlin.collections.builders.MapBuilderEntries                                   : loaded 2 times (x 145B)
Class org.objectweb.asm.SymbolTable                                                   : loaded 2 times (x 72B)
Class com.google.common.cache.CacheLoader$InvalidCacheLoadException                   : loaded 2 times (x 82B)
Class org.gradle.internal.classloader.SystemClassLoaderSpec                           : loaded 2 times (x 71B)
Class com.google.common.base.CaseFormat$4                                             : loaded 2 times (x 83B)
Class com.google.common.base.CaseFormat                                               : loaded 2 times (x 83B)
Class com.google.common.collect.Collections2$FilteredCollection                       : loaded 2 times (x 119B)
Class com.google.common.cache.LocalCache$Strength$1                                   : loaded 2 times (x 81B)
Class org.objectweb.asm.ModuleVisitor                                                 : loaded 2 times (x 81B)
Class kotlin.reflect.jvm.internal.impl.name.ClassId                                   : loaded 2 times (x 72B)
Class kotlin.jvm.internal.PropertyReference0Impl                                      : loaded 2 times (x 127B)
Class kotlin.jvm.internal.markers.KMutableCollection                                  : loaded 2 times (x 70B)
Class kotlin.ranges.IntRange$Companion                                                : loaded 2 times (x 71B)
Class com.google.common.cache.LocalCache$StrongEntry                                  : loaded 2 times (x 108B)
Class com.google.common.util.concurrent.AbstractFuture$TrustedFuture                  : loaded 2 times (x 114B)
Class com.google.common.cache.LoadingCache                                            : loaded 2 times (x 70B)
Class com.google.common.base.CaseFormat$3                                             : loaded 2 times (x 83B)
Class com.google.common.base.Suppliers$NonSerializableMemoizingSupplier               : loaded 2 times (x 79B)
Class org.gradle.internal.service.UnknownServiceException                             : loaded 2 times (x 83B)
Class com.google.common.cache.LocalCache$LocalLoadingCache                            : loaded 2 times (x 134B)
Class [Lorg.objectweb.asm.AnnotationVisitor;                                          : loaded 2 times (x 69B)
Class kotlin.collections.CollectionsKt___CollectionsKt$asSequence$$inlined$Sequence$1 : loaded 2 times (x 75B)
Class jdk.internal.jrtfs.JrtFileSystem                                                : loaded 2 times (x 102B)
Class kotlin.io.FileTreeWalk$FileTreeWalkIterator$TopDownDirectoryState               : loaded 2 times (x 74B)
Class org.objectweb.asm.MethodWriter                                                  : loaded 2 times (x 106B)
Class [Lcom.google.common.cache.Weigher;                                              : loaded 2 times (x 69B)
Class jdk.internal.jrtfs.SystemImage                                                  : loaded 2 times (x 74B)
Class com.google.common.collect.ImmutableMultimap$1                                   : loaded 2 times (x 82B)
Class com.google.common.collect.AbstractMapBasedMultimap$RandomAccessWrappedList      : loaded 2 times (x 205B)
Class com.google.common.base.CaseFormat$2                                             : loaded 2 times (x 83B)
Class com.google.common.base.AbstractIterator$State                                   : loaded 2 times (x 79B)
Class jdk.internal.jimage.decompressor.CompressedResourceHeader                       : loaded 2 times (x 71B)
Class kotlin.text.Charsets                                                            : loaded 2 times (x 71B)
Class kotlin.ranges.OpenEndRange                                                      : loaded 2 times (x 70B)
Class ijJvmDebugger1_dd9476fws5ghkmyjhzq8c3lvu$_run_closure1                          : loaded 2 times (x 139B)
Class org.gradle.api.internal.ClassPathProvider                                       : loaded 2 times (x 70B)
Class [Lorg.gradle.api.internal.ClassPathProvider;                                    : loaded 2 times (x 69B)
Class com.google.common.collect.ImmutableMultimap$2                                   : loaded 2 times (x 81B)
Class com.google.common.collect.AbstractIterator$State                                : loaded 2 times (x 79B)
Class kotlin.collections.builders.MapBuilder$EntryRef                                 : loaded 2 times (x 81B)
Class kotlin.reflect.jvm.internal.impl.builtins.jvm.JavaToKotlinClassMap$PlatformMutabilityMapping: loaded 2 times (x 72B)
Class com.google.common.base.CaseFormat$1                                             : loaded 2 times (x 83B)
Class com.google.common.cache.LocalCache$ValueReference                               : loaded 2 times (x 70B)
Class com.google.common.collect.LinkedHashMultimapGwtSerializationDependencies        : loaded 2 times (x 174B)
Class com.google.common.collect.Maps$ViewCachingAbstractMap                           : loaded 2 times (x 125B)
Class [Lcom.google.common.base.Function;                                              : loaded 2 times (x 69B)
Class org.gradle.api.internal.DefaultClassPathProvider                                : loaded 2 times (x 76B)
Class org.objectweb.asm.AnnotationVisitor                                             : loaded 2 times (x 78B)
Class com.google.common.collect.ImmutableSet$SerializedForm                           : loaded 2 times (x 73B)
Class kotlin.collections.ArrayDeque$Companion                                         : loaded 2 times (x 71B)
Class com.google.common.base.PatternCompiler                                          : loaded 2 times (x 70B)
Class com.google.common.util.concurrent.AbstractFuture$Failure                        : loaded 2 times (x 72B)
Class kotlin.jvm.internal.AdaptedFunctionReference                                    : loaded 2 times (x 77B)
Class kotlin.jvm.internal.ArrayIteratorKt                                             : loaded 2 times (x 71B)
Class kotlin.reflect.jvm.internal.KCallableImpl                                       : loaded 2 times (x 105B)
Class com.google.common.collect.ImmutableSetMultimap                                  : loaded 2 times (x 180B)
Class com.google.common.collect.Iterators$EmptyModifiableIterator                     : loaded 2 times (x 86B)
Class com.google.common.base.Splitter                                                 : loaded 2 times (x 72B)
Class kotlin.coroutines.ContinuationInterceptor                                       : loaded 2 times (x 70B)
Class com.google.common.collect.CollectSpliterators$1WithCharacteristics              : loaded 2 times (x 90B)
Class org.objectweb.asm.Label                                                         : loaded 2 times (x 73B)
Class org.objectweb.asm.CurrentFrame                                                  : loaded 2 times (x 73B)
Class org.objectweb.asm.ClassTooLargeException                                        : loaded 2 times (x 83B)
Class org.gradle.api.internal.classpath.EffectiveClassPath                            : loaded 2 times (x 90B)
Class kotlin.io.FileTreeWalk$FileTreeWalkIterator                                     : loaded 2 times (x 83B)
Class kotlin.sequences.SequencesKt___SequencesKt$flatMap$2                            : loaded 2 times (x 125B)
Class [Ldagger.hilt.processor.internal.optionvalues.GradleProjectType;                : loaded 2 times (x 69B)
Class kotlin.reflect.jvm.internal.KProperty1Impl                                      : loaded 2 times (x 128B)
Class com.google.common.collect.Maps$FilteredEntryMap                                 : loaded 2 times (x 128B)
Class kotlin.InitializedLazyImpl                                                      : loaded 2 times (x 76B)
Class org.objectweb.asm.Frame                                                         : loaded 2 times (x 73B)
Class org.objectweb.asm.MethodVisitor                                                 : loaded 2 times (x 105B)
Class com.google.common.cache.LocalCache$EntryFactory$1                               : loaded 2 times (x 83B)
Class [Lcom.google.common.cache.RemovalListener;                                      : loaded 2 times (x 69B)
Class org.gradle.internal.classloader.ClassLoaderVisitor                              : loaded 2 times (x 76B)
Class kotlin.KotlinVersion$Companion                                                  : loaded 2 times (x 71B)
Class [Lcom.google.common.collect.AbstractIterator$State;                             : loaded 2 times (x 69B)
Class com.google.common.cache.LocalCache$EntryFactory$2                               : loaded 2 times (x 83B)
Class org.gradle.api.internal.classpath.GlobalCacheRootsProvider                      : loaded 2 times (x 70B)
Class com.google.common.collect.Multimaps                                             : loaded 2 times (x 71B)
Class com.google.common.base.CharMatcher$None                                         : loaded 2 times (x 112B)
Class org.gradle.internal.classloader.DefaultClassLoaderFactory                       : loaded 2 times (x 82B)
Class [Lcom.google.common.cache.CacheBuilder$OneWeigher;                              : loaded 2 times (x 69B)
Class org.objectweb.asm.MethodTooLargeException                                       : loaded 2 times (x 83B)
Class com.google.common.base.Platform$JdkPatternCompiler                              : loaded 2 times (x 75B)
Class kotlin.reflect.jvm.internal.impl.name.FqName                                    : loaded 2 times (x 72B)
Class org.objectweb.asm.ModuleWriter                                                  : loaded 2 times (x 82B)
Class com.google.common.cache.LocalCache$EntryFactory$3                               : loaded 2 times (x 83B)
Class com.google.common.base.Ticker$1                                                 : loaded 2 times (x 72B)
Class org.objectweb.asm.ClassVisitor                                                  : loaded 2 times (x 88B)
Class com.google.common.collect.SetMultimap                                           : loaded 2 times (x 70B)
Class [Lorg.objectweb.asm.Symbol;                                                     : loaded 2 times (x 69B)
Class com.google.common.cache.LocalCache$EntryFactory$4                               : loaded 2 times (x 83B)
Class ijKotlinCoroutineJvmDebugInit1_dr5rl83ekjus9wg5ng7m2936$_run_closure1           : loaded 2 times (x 139B)
Class kotlin.sequences.ConstrainedOnceSequence                                        : loaded 2 times (x 75B)
Class com.google.common.cache.LocalCache$EntryFactory$5                               : loaded 2 times (x 83B)
Class com.google.common.collect.HashMultimap                                          : loaded 2 times (x 174B)
Class kotlin.sequences.TransformingSequence                                           : loaded 2 times (x 75B)
Class kotlin.collections.builders.ListBuilder$Itr                                     : loaded 2 times (x 94B)
Class kotlin.time.Duration                                                            : loaded 2 times (x 74B)
Class jdk.internal.jimage.decompressor.StringSharingDecompressorFactory               : loaded 2 times (x 74B)
Class com.google.common.cache.LocalCache$EntryFactory$6                               : loaded 2 times (x 83B)
Class org.gradle.internal.installation.CurrentGradleInstallationLocator               : loaded 2 times (x 71B)
Class kotlin.ranges.IntProgression$Companion                                          : loaded 2 times (x 71B)
Class com.google.common.collect.ImmutableMultimap$Builder                             : loaded 2 times (x 83B)
Class kotlin.jvm.internal.MutablePropertyReference2                                   : loaded 2 times (x 137B)
Class kotlin.reflect.jvm.internal.ReflectProperties$Val                               : loaded 2 times (x 74B)
Class com.google.common.collect.ImmutableListMultimap$Builder                         : loaded 2 times (x 83B)
Class [Lkotlin.io.FileWalkDirection;                                                  : loaded 2 times (x 69B)
Class com.google.common.cache.LocalCache$EntryFactory$7                               : loaded 2 times (x 83B)
Class ijJvmDebugger1_dd9476fws5ghkmyjhzq8c3lvu$_run_closure1$_closure2                : loaded 2 times (x 140B)
Class org.gradle.internal.service.DefaultServiceLocator                               : loaded 2 times (x 83B)
Class org.gradle.api.internal.classpath.ManifestUtil                                  : loaded 2 times (x 71B)
Class com.google.common.collect.Maps$EntrySet                                         : loaded 2 times (x 136B)
Class com.google.common.collect.ImmutableMultimap$EntryCollection                     : loaded 2 times (x 128B)
Class com.google.common.util.concurrent.ExecutionError                                : loaded 2 times (x 82B)
Class com.google.common.collect.AbstractMapBasedMultimap$WrappedCollection            : loaded 2 times (x 124B)
Class org.gradle.internal.classloader.ClassLoaderHierarchy                            : loaded 2 times (x 70B)
Class jdk.internal.jrtfs.JrtDirectoryStream                                           : loaded 2 times (x 89B)
Class kotlin.io.FileTreeWalk                                                          : loaded 2 times (x 75B)
Class com.google.common.cache.LocalCache$EntryFactory$8                               : loaded 2 times (x 83B)
Class org.gradle.internal.installation.CurrentGradleInstallation                      : loaded 2 times (x 73B)
Class kotlin.sequences.FilteringSequence$iterator$1                                   : loaded 2 times (x 79B)
Class kotlin.io.FilesKt__FileTreeWalkKt                                               : loaded 2 times (x 71B)
Class jdk.internal.jimage.BasicImageReader                                            : loaded 2 times (x 95B)
Class kotlin.jvm.internal.MutablePropertyReference0                                   : loaded 2 times (x 137B)
Class kotlin.reflect.jvm.internal.impl.builtins.CompanionObjectMapping                : loaded 2 times (x 71B)
Class kotlin.jvm.internal.Ref$BooleanRef                                              : loaded 2 times (x 71B)
Class kotlin.jvm.internal.StringCompanionObject                                       : loaded 2 times (x 71B)
Class com.google.common.cache.CacheLoader$1                                           : loaded 2 times (x 75B)
Class org.gradle.util.internal.GUtil                                                  : loaded 2 times (x 71B)
Class [Lcom.google.common.base.AbstractIterator$State;                                : loaded 2 times (x 69B)
Class com.google.common.collect.SortedSetMultimap                                     : loaded 2 times (x 70B)
Class kotlin.io.NoSuchFileException                                                   : loaded 2 times (x 82B)
Class com.google.common.cache.AbstractCache$StatsCounter                              : loaded 2 times (x 70B)
Class org.gradle.internal.classloader.FilteringClassLoader                            : loaded 2 times (x 105B)
Class kotlin.io.TextStreamsKt                                                         : loaded 2 times (x 71B)
Class kotlin.reflect.jvm.internal.RuntimeTypeMapper                                   : loaded 2 times (x 71B)
Class kotlin.coroutines.jvm.internal.CompletedContinuation                            : loaded 2 times (x 75B)
Class kotlin.sequences.DropTakeSequence                                               : loaded 2 times (x 70B)
Class kotlin.ranges.IntProgressionIterator                                            : loaded 2 times (x 82B)
Class kotlin.time.DurationUnitKt                                                      : loaded 2 times (x 71B)
Class ijKotlinCoroutineJvmDebugInit1_dr5rl83ekjus9wg5ng7m2936                         : loaded 2 times (x 171B)
Class org.gradle.internal.installation.GradleInstallation                             : loaded 2 times (x 75B)
Class com.google.common.collect.ForwardingCollection                                  : loaded 2 times (x 130B)
Class com.google.common.base.Splitter$Strategy                                        : loaded 2 times (x 70B)
Class kotlin.sequences.FlatteningSequence                                             : loaded 2 times (x 75B)
Class jdk.internal.jimage.decompressor.ResourceDecompressor$StringsProvider           : loaded 2 times (x 70B)
Class jdk.internal.jimage.ImageReader$Resource                                        : loaded 2 times (x 84B)
Class kotlin.io.FileWalkDirection                                                     : loaded 2 times (x 79B)
Class kotlin.ranges.IntProgression                                                    : loaded 2 times (x 81B)
Class com.google.common.collect.Lists$RandomAccessReverseList                         : loaded 2 times (x 200B)

---------------  S Y S T E M  ---------------

OS:
 Windows 11 , 64 bit Build 26100 (10.0.26100.8246)
OS uptime: 4 days 23:54 hours
Hyper-V role detected

CPU: total 12 (initial active 12) (6 cores per cpu, 2 threads per core) family 6 model 151 stepping 2 microcode 0x3a, cx8, cmov, fxsr, ht, mmx, 3dnowpref, sse, sse2, sse3, ssse3, sse4.1, sse4.2, popcnt, lzcnt, tsc, tscinvbit, avx, avx2, aes, erms, clmul, bmi1, bmi2, adx, sha, fma, vzeroupper, clflush, clflushopt, clwb, hv, serialize, rdtscp, rdpid, fsrm, f16c, cet_ibt, cet_ss
Processor Information for the first 12 processors :
  Max Mhz: 2400, Current Mhz: 2400, Mhz Limit: 2400

Memory: 4k page, system-wide physical 16091M (880M free)
TotalPageFile size 31963M (AvailPageFile size 373M)
current process WorkingSet (physical memory assigned to process): 1191M, peak: 1193M
current process commit charge ("private bytes"): 1226M, peak: 1230M

vm_info: OpenJDK 64-Bit Server VM (21.0.10+-14961533-b1163.108) for windows-amd64 JRE (21.0.10+-14961533-b1163.108), built on 2026-03-02T19:58:50Z by "builder" with MS VC++ 16.10 / 16.11 (VS2019)

END.
